participant,consent_1,gender_1,age_1,Need_control_1,Need_control_2,Need_control_3,Need_control_4,Need_control_5,Need_control_6,Need_control_7,Need_control_8,Need_control_9,Need_control_10,Need_control_11,Need_control_12,Need_control_13,Need_control_14,Need_control_15,Need_control_16,Need_control_17,Need_control_18,Need_control_19,Need_control_20,video1_1,predict1_1,control1_1,anthro1_1,anthro1_2,anthro1_3,anthro1_4,anthro1_5,anthro1_6,anthro1_7,anthro1_8,anthro1_9,anthro1_10,anthro1_11,anthro1_12,anthro1_13,anthro1_14,anthro1_15,anthro1_16,anthro1_17,anthro1_18,anthro1_19,anthro1_20,anthro1_21,anthro1_22,anthro1_23,anthro1_24,video2_1,predict2_1,control2_1,anthro2_1,anthro2_2,anthro2_3,anthro2_4,anthro2_5,anthro2_6,anthro2_7,anthro2_8,anthro2_9,anthro2_10,anthro2_11,anthro2_12,anthro2_13,anthro2_14,anthro2_15,anthro2_16,anthro2_17,anthro2_18,anthro2_19,anthro2_20,anthro2_21,anthro2_22,anthro2_23,video3_1,predict3_1,control3_1,anthro3_1,anthro3_2,anthro3_3,anthro3_4,anthro3_5,anthro3_6,anthro3_7,anthro3_8,anthro3_9,anthro3_10,anthro3_11,anthro3_12,anthro3_13,anthro3_14,anthro3_15,anthro3_16,anthro3_17,anthro3_18,anthro3_19,anthro3_20,anthro3_21,anthro3_22,anthro3_23,video4_1,predict4_1,control4_1,anthro4_1,anthro4_2,anthro4_3,anthro4_4,anthro4_5,anthro4_6,anthro4_7,anthro4_8,anthro4_9,anthro4_10,anthro4_11,anthro4_12,anthro4_13,anthro4_14,anthro4_15,anthro4_16,anthro4_17,anthro4_18,anthro4_19,anthro4_20,anthro4_21,anthro4_22,anthro4_23,comments_1,TIME_start,TIME_end,TIME_total
s.da935760-9873-441b-851d-11ab029152b7.txt,1,2,20,5,4,3,6,6,5,5,6,5,6,5,3,5,6,6,5,7,6,4,6,"",6,1,1,1,1,1,1,1,1,1,1,1,1,3,1,1,4,1,4,4,1,1,4,4,4,4,"",1,5,1,1,1,1,1,1,1,1,1,1,1,2,1,2,1,2,2,1,1,2,4,2,4,"",6,6,1,1,1,1,1,1,1,1,1,1,1,4,1,4,1,4,2,1,1,2,4,4,4,"",1,7,1,1,1,1,1,1,1,1,1,1,1,1,1,2,1,2,2,1,1,1,4,2,1,"",2023-04-01-18-02,2023-04-01-18-17,15
s.00a5d161-cef5-4b20-8b2a-9729d43674a5.txt,1,2,NA,6,3,5,2,5,2,7,6,2,1,3,2,7,5,6,3,5,3,3,5,"",3,2,1,1,1,3,3,1,5,1,1,2,1,3,6,1,6,5,7,5,6,5,6,6,6,7,"",3,6,1,1,1,5,2,2,6,6,5,1,5,2,5,6,6,5,6,6,3,3,6,5,6,"",6,1,1,1,1,1,1,1,3,3,2,1,1,7,5,5,2,7,5,3,2,6,7,6,6,"",5,1,1,1,1,1,1,5,5,5,5,5,2,6,1,6,5,7,6,5,4,5,6,7,6,"",2023-04-04-23-23,2023-04-04-23-36,13
s.d39af63b-97dc-406f-807d-44d0efc4c950.txt,1,2,22,7,3,5,5,5,3,5,7,7,6,5,6,7,7,6,6,7,4,6,7,"",4,1,1,1,1,1,1,1,1,1,1,1,1,3,1,1,7,1,7,7,5,4,4,6,5,5,"",3,3,1,1,1,1,1,1,1,1,1,1,1,1,1,5,1,5,5,5,4,4,4,3,4,"",6,1,1,1,1,1,1,1,1,1,1,1,1,1,1,6,1,6,6,1,4,4,4,3,4,"",4,3,1,1,1,1,1,1,3,3,1,1,1,1,1,5,1,5,5,5,4,4,4,3,4,"",2023-03-29-10-35,2023-03-29-10-45,10
s.3b8a4c19-c365-4cce-b9fd-a57d6e277039.txt,1,2,45,6,3,6,4,5,6,4,6,6,5,4,2,6,4,3,6,5,3,5,5,"",7,4,1,1,1,1,1,1,2,1,1,1,2,3,1,2,4,2,5,3,1,5,6,4,5,2,"",2,6,5,4,3,5,3,6,5,6,6,3,5,6,5,5,6,4,4,6,6,2,5,2,2,"",5,5,2,2,1,1,3,1,5,6,5,1,5,6,5,5,5,4,4,6,6,2,2,2,2,"",5,2,1,3,1,3,3,3,3,1,2,1,1,4,2,5,2,7,5,2,5,5,5,6,5,"",2023-03-23-16-40,2023-03-23-16-57,17
s.d6bc1248-f7f0-447e-8b92-5b63e70dda01.txt,1,1,38,6,4,6,7,6,5,5,6,6,3,6,7,7,7,6,3,7,5,1,3,"",6,2,1,1,1,1,1,1,1,1,1,1,1,1,1,1,1,1,1,1,1,2,6,2,6,2,"",4,3,1,5,2,1,1,1,5,5,1,1,5,6,2,5,1,1,5,3,1,1,1,1,1,"",5,5,1,1,1,1,1,1,1,1,1,1,1,1,1,1,1,1,1,1,1,6,5,5,2,"",3,5,1,1,1,1,1,1,5,4,5,1,1,6,2,4,2,5,3,5,2,1,5,1,5,"",2023-04-01-15-47,2023-04-01-16-00,13
s.49827a5e-4e55-44eb-b2ec-d3fbc110adfd.txt,1,2,56,3,4,4,5,5,5,3,5,5,2,5,4,4,3,3,5,4,4,4,4,"",1,7,1,1,1,1,1,1,1,1,1,1,1,1,1,1,1,1,1,1,1,1,1,1,1,1,"",1,1,1,1,1,1,1,1,1,1,1,1,1,1,1,1,1,1,1,1,1,1,1,1,1,"",1,1,1,1,1,1,1,1,1,1,1,1,1,1,1,1,1,1,1,1,1,1,1,1,1,"",1,1,1,1,1,1,1,1,1,1,1,1,1,1,1,1,1,1,1,1,1,1,1,1,1,"",2023-04-05-13-21,2023-04-05-13-28,7
s.aacc51ba-be61-4a7b-b9bd-7dc1b0a71c46.txt,1,2,22,6,3,2,5,4,5,6,6,7,5,1,3,6,5,6,6,6,7,7,4,"",2,2,1,1,1,1,1,1,1,1,1,1,1,3,2,1,5,1,5,3,1,1,4,4,4,4,"",6,2,1,1,1,2,1,1,1,1,1,1,1,3,1,5,1,6,2,1,1,4,5,5,4,"",6,2,1,2,1,1,1,1,1,1,1,1,1,2,1,5,1,6,1,1,1,4,5,5,3,"",6,2,1,1,2,2,2,1,4,1,1,1,1,1,2,5,1,7,1,1,2,4,5,5,3,NA,2023-03-29-14-03,2023-03-29-14-21,18
s.d9933b54-566d-4834-b614-0185a62db035.txt,1,1,37,6,6,6,7,5,2,7,7,7,7,7,7,3,6,6,7,5,5,6,7,"",7,6,1,1,1,1,1,1,1,1,1,1,1,3,1,1,1,1,1,1,1,1,7,7,7,7,"",7,5,1,1,1,1,1,1,1,1,1,1,1,3,1,1,1,2,1,1,1,5,6,4,6,"",6,7,1,1,1,1,1,1,1,1,1,1,1,1,1,1,1,2,1,1,1,6,7,5,7,"",1,7,1,1,1,1,1,1,1,1,1,1,1,1,1,1,1,1,1,1,1,2,6,1,7,"",2023-03-29-08-00,2023-03-29-08-14,14
s.ef9238aa-51e7-42a2-84b5-3725d9bd394e.txt,1,2,23,3,5,4,3,5,7,5,6,7,3,5,4,7,3,5,1,7,5,3,3,"",3,3,1,1,1,1,1,1,5,5,1,1,1,3,5,1,6,1,5,6,1,6,7,7,7,7,"",3,3,1,1,1,1,1,1,5,5,1,1,1,5,1,6,1,5,6,1,6,7,7,7,7,"",3,3,1,1,1,1,1,1,5,5,1,1,1,5,1,6,1,5,5,1,6,7,7,7,7,"",3,3,1,1,1,1,1,1,5,5,1,1,1,5,1,6,1,5,5,5,5,7,7,7,7,"",2023-03-26-16-03,2023-03-26-16-18,15
s.d1c67293-7b00-474d-a436-cd200d1a07d5.txt,1,2,23,5,4,3,4,5,4,3,4,3,4,5,4,3,4,5,4,4,5,4,4,"",5,2,5,4,2,1,5,3,5,3,4,6,4,2,1,2,4,7,5,4,3,5,4,3,4,6,"",4,4,5,4,2,4,4,6,5,4,3,4,3,2,3,5,6,5,7,4,3,4,2,6,5,"",4,4,4,5,3,4,5,5,4,3,2,5,5,4,3,4,5,4,3,2,3,5,5,4,3,"",5,3,5,3,4,6,4,3,4,4,6,4,3,6,2,5,3,5,4,3,5,4,4,5,6,no,2023-03-26-17-08,2023-03-26-17-21,13
s.53ac2500-71e9-462b-b28b-21d313c8afac.txt,1,2,51,4,1,3,3,4,1,7,7,7,3,5,6,7,4,3,7,2,5,5,5,"",7,3,1,1,1,1,1,1,5,1,1,1,1,3,5,1,5,1,1,5,1,1,6,4,6,1,"",7,3,1,1,1,1,1,1,5,1,1,1,1,1,1,5,1,3,5,1,1,7,4,5,1,"",7,3,1,1,1,1,1,1,5,1,1,1,1,5,1,5,1,1,1,1,1,6,4,5,1,"",7,3,1,1,1,1,1,1,1,1,1,1,1,5,1,5,1,5,5,1,1,6,4,4,1,"",2023-03-20-17-52,2023-03-20-18-21,29
s.a04ee123-7223-479e-b937-c26c48837498.txt,1,2,28,5,1,4,5,3,6,6,6,4,6,4,4,6,5,3,4,5,5,3,4,"",5,5,1,1,1,1,1,1,1,1,1,1,1,3,5,1,6,1,6,6,1,1,6,2,5,2,"",1,5,1,1,1,1,2,1,2,1,1,1,1,1,1,6,1,4,4,1,1,3,2,2,1,"",4,4,1,1,1,1,1,1,1,1,1,1,1,1,1,5,1,5,5,1,1,5,2,5,2,"",1,6,1,1,1,1,1,1,1,1,1,1,1,1,1,5,1,4,4,1,1,4,1,2,2,"",2023-03-30-16-08,2023-03-30-16-24,16
s.d4975369-6f8d-46e6-a76c-ab9133d14a6b.txt,1,1,23,6,2,6,4,4,2,6,5,6,2,5,7,7,6,2,2,5,5,3,6,"",2,3,1,1,1,1,1,1,1,1,1,1,1,1,1,1,1,1,1,1,1,2,2,2,2,2,"",2,3,1,1,1,1,1,1,1,1,1,1,1,1,1,1,1,1,1,1,2,2,2,2,2,"",2,3,1,1,1,1,1,1,1,1,1,1,1,1,1,1,1,1,1,1,2,2,2,2,2,"",2,3,1,1,1,1,1,1,1,1,1,1,1,1,1,1,1,1,1,1,2,2,2,2,2,"Studien kunde varit bättre utförd. Otydlig frågeställning, tråkiga videor, generellt tråkigt ämne som inte gör någon riktigt skillnad den lilla tid man har på sig i livet att föra mänskligheten framåt. Nåja nu är det klart, hoppas mastern leder till något som för mänskligheten framåt i någon mån. ",2023-03-19-19-20,2023-03-19-19-35,15
s.cd26e22a-6c9d-4474-9c3f-435a9a14e1ca.txt,1,2,21,3,5,2,4,2,5,5,5,7,1,7,5,1,3,5,2,2,3,6,3,"",5,4,4,4,2,6,4,2,2,2,7,7,5,1,3,5,6,2,3,1,5,5,6,3,1,2,"",4,5,2,2,5,6,4,5,6,6,4,4,3,5,6,7,7,2,3,4,3,3,6,6,7,"",6,6,4,5,5,6,4,6,7,7,2,3,5,4,2,3,3,6,6,3,5,7,7,6,6,"",6,6,6,3,2,3,5,6,6,2,3,3,5,4,5,6,6,5,4,5,6,7,6,4,5,"",2023-03-23-13-10,2023-03-23-13-18,8
s.eba971c8-2fa0-4fb3-9578-67bc364d615f.txt,1,2,21,7,5,3,4,6,3,4,5,5,4,5,4,6,6,4,5,5,2,3,6,"",3,3,1,1,1,1,1,1,1,1,1,1,1,7,6,1,6,1,5,5,5,1,4,5,6,4,"",2,5,1,1,1,1,1,1,1,1,1,1,1,4,1,5,1,5,5,1,1,5,5,5,4,"",3,4,1,1,1,1,1,1,1,1,1,1,1,2,1,5,1,5,5,1,1,5,5,5,4,"",1,6,1,1,1,1,1,1,1,1,1,1,1,1,1,1,1,2,2,1,1,2,3,3,2,"",2023-03-19-15-16,2023-03-19-15-38,22
s.3d9dff21-51b6-4c35-b3f7-ac5bfd328be0.txt,1,2,22,3,3,3,3,3,3,5,3,3,5,4,4,4,4,4,4,4,4,4,4,"",4,4,4,4,4,4,3,3,3,3,3,3,3,3,3,3,3,3,3,3,3,3,3,3,3,3,"",3,3,3,3,3,3,3,3,3,3,3,3,3,3,3,3,3,3,3,3,3,3,3,3,3,"",4,2,3,3,3,3,4,4,4,4,4,4,4,4,3,3,3,3,3,3,3,3,3,3,3,"",3,3,4,4,3,3,3,3,3,3,3,4,4,4,4,4,4,4,4,4,4,4,4,4,4,n/a,2023-03-20-13-45,2023-03-20-13-54,9
s.83c1b49d-4acc-4bc2-8f5d-a49ba7122b90.txt,1,1,55,6,3,4,5,5,2,6,5,4,5,4,4,5,6,3,6,2,3,6,6,"",5,3,1,1,1,1,1,1,1,1,1,1,1,3,1,1,1,1,1,1,1,3,1,2,4,1,"",1,7,1,1,1,1,1,1,1,1,1,1,1,1,1,1,1,1,1,1,1,1,1,1,1,"",6,3,1,1,1,1,1,1,1,1,1,1,1,1,1,1,1,1,1,1,2,1,1,1,1,"",1,7,1,1,1,1,1,1,1,1,1,1,1,1,1,1,1,1,1,1,1,1,1,1,1,All the robots seemed to be given the same task and some were much better than others. But these seem like very simple devices.,2023-03-30-15-20,2023-03-30-15-36,16
s.bb02044f-b28c-4d1a-937d-b880dd167f18.txt,1,1,39,6,4,3,6,6,6,6,6,6,6,5,4,6,6,6,7,7,5,3,6,"",7,5,1,1,1,1,1,1,1,1,1,1,1,3,1,1,1,1,4,6,1,1,4,4,7,1,"",1,3,1,1,1,1,1,1,1,1,1,1,1,1,1,4,1,3,1,1,1,2,1,1,1,"",5,4,1,1,1,1,1,1,1,1,1,1,1,1,1,5,1,1,4,1,1,1,3,4,1,"",1,7,1,1,1,1,1,1,1,1,1,1,1,1,1,1,1,1,1,1,1,3,4,2,2,"",2023-03-20-15-57,2023-03-20-16-09,12
s.846cde2d-396e-4eff-ad86-b0c356ec559f.txt,1,2,21,5,4,2,4,5,1,6,4,5,3,4,2,6,4,4,5,1,3,3,3,"",7,2,1,1,1,1,1,1,1,1,1,1,1,1,1,1,1,1,1,1,1,1,5,2,6,1,"",6,4,1,1,1,1,1,1,1,1,1,1,1,1,1,1,1,1,1,1,1,2,2,2,1,"",7,2,1,1,1,1,1,1,1,1,1,1,1,1,1,1,1,1,1,1,1,5,2,6,1,"",7,4,1,1,1,1,1,1,1,1,1,1,1,1,1,1,1,1,1,1,1,2,2,2,1,"",2023-04-08-19-21,2023-04-08-19-35,14
s.817f610f-8a27-41be-89ae-c5a36621b2f5.txt,1,2,21,6,6,2,3,4,1,6,5,6,4,5,3,6,4,5,5,6,2,6,4,"",6,2,1,1,1,1,1,1,1,1,1,1,1,3,1,1,5,1,5,1,1,5,5,3,5,5,"",5,5,1,1,1,1,1,1,1,1,1,1,1,1,1,5,1,4,1,1,1,5,4,3,4,"",7,2,1,1,1,1,1,1,1,1,1,1,1,1,1,5,1,5,1,1,5,5,5,5,4,"",4,5,1,1,1,1,1,1,1,1,1,1,1,1,1,5,1,5,1,1,5,4,4,4,3,It was the same robot?,2023-04-01-14-38,2023-04-01-14-49,11
s.d8ef5a5f-2756-4fac-a495-dd39513fbb73.txt,1,2,23,7,7,7,6,6,6,7,7,7,7,7,7,7,7,7,7,7,7,7,7,"",7,1,1,1,1,1,1,1,7,6,1,1,1,3,7,1,7,1,7,7,5,1,7,7,7,7,"",6,1,1,1,1,1,1,1,1,3,1,1,1,5,1,1,1,5,1,1,1,1,1,1,1,"",7,1,1,1,1,1,1,1,1,6,1,1,1,6,1,7,1,7,6,5,1,6,6,6,1,"",7,7,1,5,1,1,5,1,3,1,1,5,1,1,1,1,1,1,1,1,1,1,1,1,1,"",2023-04-10-02-06,2023-04-10-02-17,11
s.026f9b12-efa4-4fd6-9bc3-bf553457b5a7.txt,1,1,26,5,5,2,3,3,2,4,6,5,4,5,2,7,5,2,6,4,1,3,5,"",6,2,1,2,2,2,2,1,2,2,2,2,2,3,2,2,3,2,5,3,2,1,2,2,6,1,"",3,4,1,2,2,3,2,1,2,2,3,3,5,3,2,5,3,5,5,3,1,2,2,2,1,"",6,2,1,2,1,2,1,1,1,1,2,2,2,2,2,4,2,5,3,2,1,4,3,6,3,"",2,5,1,2,2,2,2,1,5,3,3,2,5,2,2,5,2,3,2,2,1,2,2,2,1,Robot T was fun,2023-04-07-11-00,2023-04-07-11-14,14
s.347e8cda-0a79-4a6f-b6d7-97fd9e85ef38.txt,1,2,22,6,4,7,7,7,5,6,5,4,4,5,4,5,5,7,3,7,5,3,4,"",7,4,1,1,1,1,1,1,3,1,1,1,1,3,4,2,7,3,7,2,4,2,2,3,2,2,"",5,3,1,2,1,1,2,1,1,1,1,1,1,3,4,5,3,5,2,2,2,2,2,2,2,"",7,1,1,1,1,1,3,2,1,2,1,1,1,2,7,7,1,3,1,3,4,2,5,4,3,"",2,6,1,2,1,1,4,1,5,5,2,2,2,6,6,4,2,3,2,5,4,1,1,4,3,"",2023-04-04-16-40,2023-04-04-16-53,13
s.d723ab49-18ed-4599-9311-0b3a8626d591.txt,1,2,26,6,1,3,3,5,1,6,5,5,5,4,2,2,4,4,7,2,2,3,5,"",7,2,1,1,1,1,1,1,5,2,1,1,1,3,5,1,5,1,5,1,1,1,5,5,7,5,"",2,2,1,2,1,1,1,1,2,1,1,1,1,1,1,2,1,1,1,1,3,1,2,1,5,"",3,3,1,2,2,1,1,1,3,1,1,1,1,5,1,7,1,5,1,1,1,6,5,5,1,"",1,4,1,1,1,1,1,1,5,1,1,1,1,1,1,1,1,1,1,1,1,1,2,1,1,"",2023-04-03-13-03,2023-04-03-13-21,18
s.0ddafb0f-fc1c-467e-9644-9ce506bee527.txt,1,2,23,7,1,6,4,5,6,7,7,7,4,5,7,7,6,6,4,5,6,4,4,"",7,5,1,1,2,2,3,1,2,2,1,1,3,3,4,1,4,3,5,6,2,1,4,3,4,2,"",5,4,1,2,2,1,3,1,2,1,1,2,3,4,1,5,1,4,4,1,1,3,2,4,2,"",7,2,1,1,1,1,2,1,2,1,1,1,3,3,1,4,1,2,4,1,1,3,2,2,1,"",4,5,1,2,1,1,2,1,3,2,1,1,2,2,1,5,2,4,6,1,1,4,2,3,2,NA,2023-04-05-21-35,2023-04-05-22-04,29
s.55163847-1712-47ed-9aca-33de54abd189.txt,1,1,23,5,3,3,6,5,5,5,6,6,5,6,6,5,6,6,6,1,6,5,4,"",7,1,1,1,1,1,1,1,1,1,1,1,1,3,5,1,5,1,6,1,1,1,1,6,6,4,"",5,2,1,1,1,1,1,2,4,5,5,1,5,5,1,5,5,7,6,6,5,3,5,5,5,"",7,1,1,1,1,1,1,1,1,1,1,1,1,3,1,6,1,6,1,1,1,6,6,6,5,"",7,1,1,1,1,1,1,1,5,5,5,1,2,5,1,6,1,6,6,5,4,4,6,6,3,"",2023-04-02-16-35,2023-04-02-16-52,17
s.8b7fb26b-d459-4ef7-9d15-30af22d8c282.txt,1,2,23,5,4,2,5,5,3,3,3,5,5,6,3,5,6,3,4,5,3,3,4,"",6,1,1,1,1,1,1,1,1,1,1,1,1,3,1,1,1,1,1,1,1,1,1,1,1,1,"",1,7,1,1,1,1,1,1,1,1,1,1,1,4,1,1,1,1,1,1,1,1,1,1,1,"",5,2,1,1,1,1,1,1,1,1,1,1,1,1,1,1,1,1,1,1,1,4,5,5,4,"",3,5,1,1,1,1,1,1,1,1,1,1,1,1,1,1,1,1,1,1,1,1,1,1,1,When I was figuring out whether to write useful or not for the first and last robots for the first one I thought it was very basic so not useful but after understanding it could be useful for certain things ,2023-04-06-15-32,2023-04-06-15-44,12
s.e0943adb-eca1-4b6b-b63e-fab5ff020fce.txt,1,1,34,6,7,5,4,6,4,2,7,7,3,2,1,7,5,5,5,4,4,5,2,"",5,6,1,1,1,1,1,1,1,1,1,1,1,3,1,1,1,1,1,2,1,2,1,1,1,1,"",2,7,1,1,1,1,1,1,1,1,1,1,1,1,1,1,1,1,2,1,2,1,1,1,1,"",5,6,1,1,1,1,1,1,1,1,1,1,1,2,1,1,1,1,2,1,2,2,2,2,1,"",1,7,1,1,1,1,1,1,1,1,1,1,1,1,1,1,1,1,2,1,2,1,1,1,1,"",2023-04-02-08-08,2023-04-02-08-19,11
s.3525a571-4b65-46ab-97ee-7aa7bdb40855.txt,1,1,43,7,6,4,7,7,1,5,7,7,7,6,7,5,5,6,2,5,5,1,7,"",7,3,1,1,1,1,1,1,1,1,1,1,1,3,1,1,4,1,2,1,1,1,1,1,1,1,"",5,6,1,1,1,1,1,1,1,2,1,1,1,1,1,3,1,4,2,1,1,1,3,2,1,"",6,3,1,1,1,1,1,1,1,1,1,1,1,1,1,1,1,3,1,1,1,1,1,1,1,"",1,7,1,1,1,1,1,1,1,1,1,1,1,1,1,2,1,3,1,1,1,1,1,1,1,found the questions versus the video somewhat confusing,2023-04-06-20-43,2023-04-06-20-56,13
s.9d5e54ee-935b-4f07-83d2-216e81e34116.txt,1,1,25,6,2,5,7,7,1,4,6,4,6,6,4,4,6,6,4,6,5,4,4,"",7,6,1,1,1,1,1,1,5,5,1,1,1,3,6,1,5,1,6,3,4,2,4,2,5,2,"",2,2,1,1,1,1,1,1,2,5,1,1,1,2,1,5,1,2,3,4,2,2,2,1,2,"",4,5,1,1,1,1,1,1,5,4,1,1,1,4,1,6,1,5,5,4,2,2,2,3,2,"",3,5,1,1,1,1,1,1,1,5,1,1,1,4,1,7,1,4,3,3,1,3,2,2,2,"",2023-03-19-15-36,2023-03-19-15-51,15
s.d7d90425-ccfd-4008-8f2c-6c8b4404d36a.txt,1,2,24,5,5,5,5,5,5,3,5,5,3,5,5,5,5,5,3,5,5,3,3,"",2,2,1,1,1,1,1,1,1,1,1,1,1,1,1,1,1,1,1,1,1,1,1,1,1,1,"",5,6,2,2,2,2,2,1,1,1,1,1,1,1,1,5,1,1,1,1,1,1,1,1,1,"",2,2,1,1,1,1,1,1,1,1,1,1,1,1,1,1,1,1,1,1,1,1,1,1,1,"",5,5,1,1,1,1,1,1,1,1,1,1,1,1,1,1,1,1,1,1,1,1,1,1,1,no,2023-04-06-22-16,2023-04-06-22-32,16
s.d5d76f23-de06-469e-9b3f-cc51a09650ae.txt,1,2,24,6,4,3,5,3,2,5,6,6,4,3,3,6,4,5,4,5,3,5,5,"",4,2,1,1,1,1,1,1,1,1,1,1,1,3,1,1,1,1,2,2,1,1,1,2,1,1,"",1,7,1,1,1,1,1,1,1,1,1,2,1,1,1,1,1,1,1,1,1,1,1,1,1,"",4,5,1,1,1,1,1,1,1,1,1,1,1,1,1,1,1,1,1,1,1,1,1,1,1,"",1,7,1,1,1,1,1,1,1,1,1,1,1,1,1,1,1,1,1,1,1,1,1,1,1,"",2023-03-26-15-08,2023-03-26-15-23,15
s.0ac3c0a0-9558-4daf-8b93-a556f2dc7c04.txt,1,1,34,6,3,6,6,6,5,2,6,6,5,6,6,6,7,5,6,6,6,2,4,"",5,5,1,1,1,1,1,1,1,1,1,1,1,1,5,1,7,7,7,7,2,7,6,7,7,7,"",6,5,1,1,1,1,1,1,1,1,1,1,1,6,1,7,7,7,7,1,7,7,7,7,7,"",6,5,1,1,1,1,1,1,1,1,1,1,1,1,1,7,7,7,7,2,6,6,7,7,7,"",6,5,1,1,1,1,1,1,1,1,1,1,1,6,1,7,7,7,7,2,6,7,7,7,7,"",2023-03-26-11-32,2023-03-26-11-44,12
s.ab72005e-4125-4b2a-b8c8-fccd798455ac.txt,1,3,22,6,1,7,7,5,7,1,7,7,7,7,5,7,5,7,6,7,1,7,6,"",7,1,1,1,1,1,1,1,1,1,1,1,1,3,2,1,4,1,3,1,1,4,4,3,5,2,"",1,7,1,1,1,1,1,1,1,1,1,1,1,1,1,1,1,1,1,1,4,1,2,1,3,"",3,4,1,1,1,1,1,1,1,1,1,1,1,1,1,3,1,2,1,1,4,5,2,6,1,"",1,7,1,1,1,1,1,1,1,1,1,1,1,1,1,1,1,1,1,1,4,1,2,1,3,"",2023-04-03-21-11,2023-04-03-21-29,18
s.a2ef699c-427e-4b70-8bf6-ba361a93629c.txt,1,1,33,5,6,5,5,4,3,6,7,5,6,6,4,5,7,5,6,6,5,4,7,"",6,2,1,1,2,1,4,4,3,1,1,1,1,3,2,1,6,2,6,6,2,1,5,6,5,5,"",3,2,2,3,2,1,1,4,2,1,1,2,4,3,1,2,1,3,4,1,1,2,2,2,2,"",4,2,3,4,3,3,2,3,5,1,3,5,2,4,2,4,1,5,5,1,1,4,4,4,3,"",2,6,1,3,1,1,1,2,3,1,1,2,1,2,1,2,1,2,4,1,1,2,2,3,2,"",2023-04-07-02-38,2023-04-07-02-53,15
s.cbc90c04-938f-42ca-8572-38b135269743.txt,1,2,22,7,2,5,6,7,7,6,7,7,1,5,6,7,5,6,4,4,7,1,6,"",5,2,1,1,1,1,1,1,1,1,1,1,1,3,2,1,2,2,2,3,3,1,2,2,2,2,"",3,3,1,1,1,1,1,1,1,1,1,1,1,1,1,1,1,3,2,2,2,1,2,2,2,"",3,3,1,1,1,1,1,1,1,1,1,1,1,1,1,3,2,2,2,3,3,3,1,2,2,"",4,4,1,1,1,1,1,1,1,1,1,1,1,1,1,1,1,1,1,3,3,3,3,2,2,"",2023-03-21-19-45,2023-03-21-19-57,12
s.1e23a01b-8c4c-4deb-80f8-143c79a4a033.txt,1,2,21,5,6,5,4,5,5,3,7,7,3,5,4,6,6,5,5,5,5,3,5,"",4,3,1,1,1,1,1,1,5,4,1,1,1,3,5,1,1,5,5,6,4,1,6,5,5,6,"",4,3,1,1,1,1,1,1,5,4,1,1,1,5,1,6,5,5,6,5,1,6,5,5,6,"",4,3,1,1,1,1,1,1,1,1,1,1,1,5,1,1,4,4,6,4,1,6,5,5,6,"",4,3,1,1,1,1,1,1,1,1,1,1,1,6,1,7,5,5,5,1,1,6,5,5,6,"",2023-04-02-14-23,2023-04-02-14-36,13
s.13179078-a487-4311-9e36-fdf564045015.txt,1,2,26,1,2,2,7,7,7,3,7,7,6,7,6,7,7,7,6,7,7,6,7,"",4,5,1,1,1,1,1,2,1,2,1,1,1,3,1,1,1,1,1,1,1,1,1,1,1,1,"",2,4,1,2,1,2,1,2,1,2,1,1,1,1,1,1,1,1,1,1,1,1,1,1,1,"",4,5,1,1,1,1,1,1,1,1,1,1,1,1,1,5,1,6,5,1,3,5,5,4,2,"",5,4,1,1,1,1,1,1,1,1,1,2,1,1,1,1,1,1,1,1,2,2,2,2,2,no,2023-03-20-19-15,2023-03-20-19-27,12
s.d1118005-f288-446d-a3a6-007d6a17b9e4.txt,1,2,22,6,3,5,3,6,7,3,6,5,2,5,7,7,5,6,2,7,6,1,3,"",6,1,5,2,2,3,5,3,3,6,5,2,3,3,6,3,7,2,7,6,6,5,6,6,7,6,"",1,7,6,5,5,6,3,5,7,7,5,2,7,7,5,6,3,7,6,7,5,2,5,1,5,"",3,5,5,6,6,3,2,5,5,6,3,7,3,2,5,5,3,2,5,5,3,2,2,1,2,"",6,3,2,2,5,3,5,2,7,3,1,5,3,2,2,5,2,5,6,3,5,5,3,5,2,"",2023-03-26-17-12,2023-03-26-17-30,18
s.7d0a5abe-c8f7-4a99-bc85-a2d63ee51219.txt,1,2,51,6,1,5,5,4,2,6,6,7,4,6,7,7,7,6,5,5,5,3,4,"",4,4,1,1,1,1,1,1,1,1,1,1,1,3,1,1,1,1,1,2,1,1,5,3,5,3,"",3,5,1,1,1,1,1,1,1,1,1,1,1,1,1,1,1,1,2,1,5,5,5,3,2,"",5,3,1,1,1,1,1,1,1,1,1,1,1,1,1,1,1,1,5,1,1,5,4,5,4,"",1,7,1,1,1,1,1,1,1,1,1,1,1,1,1,1,1,1,2,1,1,3,2,2,2,"",2023-03-28-11-39,2023-03-28-11-51,12
s.dabac67c-445c-4696-8641-4816a5fd81b7.txt,1,2,26,6,5,4,7,7,4,6,6,6,7,6,4,6,7,5,6,4,2,3,6,"",3,2,1,1,1,1,1,1,1,5,1,1,1,3,1,1,1,1,1,5,2,1,6,6,6,6,"",1,4,1,1,1,1,1,1,5,5,1,1,1,5,1,6,5,5,5,2,1,7,7,7,7,"",3,2,1,1,1,1,1,1,1,1,1,1,1,1,1,5,4,5,5,1,1,5,5,6,6,"",5,2,1,1,1,1,1,1,1,1,1,1,1,2,1,4,4,5,5,1,1,5,5,6,6,"",2023-04-01-18-23,2023-04-01-18-36,13
s.39071f72-6213-40d3-b146-6ab30f2122db.txt,1,2,23,6,1,3,3,5,6,6,7,7,4,4,4,5,5,3,3,5,5,3,3,"",3,3,2,3,3,1,2,3,5,5,3,2,2,3,4,3,5,5,5,5,4,4,5,5,5,4,"",4,1,1,2,3,1,3,2,4,3,1,1,2,2,3,5,6,5,3,2,2,4,5,5,5,"",5,5,3,2,3,1,4,4,5,5,3,2,2,5,4,5,6,6,5,3,4,5,5,5,4,"",1,3,1,3,2,1,1,3,5,5,1,1,2,6,3,6,4,7,3,4,3,5,3,6,3,"",2023-04-06-14-56,2023-04-06-17-22,146
s.3ad35782-d3b4-474d-90df-35817dc0c250.txt,1,1,65,7,5,7,6,7,1,3,7,7,6,5,5,5,6,5,5,4,6,3,4,"",4,4,1,1,1,1,1,1,1,1,1,1,1,3,5,1,6,1,7,5,1,4,6,6,6,6,"",4,4,1,1,1,1,1,1,1,1,1,1,1,2,1,6,1,7,7,1,4,7,6,6,6,"",6,3,1,1,1,1,1,1,1,1,1,1,1,2,1,6,6,6,7,1,4,7,7,7,5,"",3,4,1,1,1,1,1,1,1,1,1,1,1,5,1,6,1,7,5,1,4,6,6,6,6,"",2023-04-09-15-12,2023-04-09-15-30,18
s.2bc452a2-ee93-43e4-adb9-41c958387fa6.txt,1,2,20,7,6,1,1,2,7,7,4,7,1,2,1,7,7,1,1,7,2,4,3,"",7,1,1,1,1,1,1,1,1,1,1,1,1,3,4,1,4,1,7,1,1,6,5,4,7,7,"",4,4,1,1,1,1,1,1,1,1,1,1,1,1,1,1,1,1,1,1,1,4,2,5,3,"",7,1,1,1,1,1,1,1,1,1,1,1,1,4,1,5,1,5,1,1,1,5,4,5,4,"",4,7,1,1,1,1,1,1,1,1,1,1,1,1,1,1,1,1,1,1,1,4,1,1,1,nope,2023-04-05-13-16,2023-04-06-11-10,1314
s.0e59bd13-8901-44d6-af05-0427a66bd1c2.txt,1,1,31,6,3,4,4,4,5,3,5,4,4,5,5,6,5,5,3,5,4,3,3,"",6,6,5,5,5,5,5,4,4,5,5,5,5,4,6,5,4,4,5,5,5,5,5,5,4,4,"",2,6,1,1,1,1,1,1,1,1,1,1,1,1,1,1,1,1,1,2,1,1,1,1,1,"",4,5,5,4,5,6,5,5,5,5,5,4,6,6,5,5,5,5,5,5,5,5,5,5,4,"",4,6,5,4,5,4,5,5,5,5,5,5,5,4,4,5,6,5,4,5,5,5,5,4,5,"",2023-04-04-13-12,2023-04-04-13-24,12
s.07b9a4df-1fc9-4712-b2d5-41796e317f0c.txt,1,2,31,2,4,3,2,1,3,6,4,2,7,4,1,3,1,3,6,1,3,7,5,"",4,4,4,4,4,4,4,4,4,4,4,4,4,4,4,4,4,4,4,4,4,4,4,4,4,4,"",4,4,4,4,4,4,4,4,4,4,4,4,4,4,4,4,4,4,4,4,4,4,4,4,4,"",4,4,4,4,4,4,4,4,4,4,4,4,4,4,4,4,4,4,4,4,4,4,4,4,4,"",4,4,4,4,4,4,4,4,4,4,4,4,4,4,4,4,4,4,4,4,4,4,4,4,4,"",2023-03-31-20-36,2023-03-31-20-44,8
s.1a4e9452-989f-4e30-aaa2-620426d7aaef.txt,1,2,23,3,1,3,3,5,3,3,3,3,3,4,3,5,5,3,3,5,3,3,3,"",5,2,1,1,1,1,1,1,1,2,1,1,1,3,5,1,5,1,5,5,1,1,5,5,5,5,"",4,5,1,1,1,1,1,1,1,1,1,1,1,1,1,4,1,2,2,1,2,2,2,2,2,"",5,1,1,1,1,1,1,1,1,1,1,1,1,1,1,5,1,5,5,1,1,5,5,5,5,"",1,7,1,1,1,1,1,1,1,1,1,1,1,1,1,1,1,1,1,1,1,1,1,1,1,"",2023-03-20-14-44,2023-03-20-15-00,16
s.68363e57-75ca-4a1e-bfad-4874ecfbef1f.txt,1,1,24,4,6,4,4,5,5,4,3,6,3,4,4,5,5,4,3,5,4,4,3,"",7,1,1,1,1,1,1,1,1,1,1,1,1,1,1,1,1,1,1,1,1,2,5,5,5,4,"",7,1,1,1,1,1,1,1,1,1,1,1,1,1,1,1,1,1,1,1,3,4,5,5,4,"",7,1,1,1,1,1,1,1,1,1,1,1,1,1,1,1,1,1,1,1,4,5,5,5,4,"",7,1,1,1,1,1,1,1,1,1,1,1,1,1,1,1,1,1,1,1,4,5,5,5,4,"",2023-04-04-18-57,2023-04-04-19-10,13
s.010e316c-ba3c-4cee-9b39-cd1a5bf9dfaf.txt,1,2,22,6,2,6,2,4,2,4,2,5,2,3,3,5,5,4,2,6,5,5,3,"",5,2,2,1,1,6,2,2,6,6,5,2,6,3,7,3,7,6,6,6,3,5,5,5,6,6,"",6,6,2,4,1,6,1,6,6,6,6,2,6,7,2,7,6,6,5,5,5,5,5,6,5,"",6,1,1,1,1,6,1,2,6,6,6,2,6,6,3,6,6,6,6,6,6,6,7,7,7,"",6,1,1,1,1,5,1,5,6,4,6,3,5,6,3,6,6,7,6,4,6,6,6,6,6,"",2023-03-28-23-59,2023-03-29-00-19,20
s.f323d7bf-e8f8-4cfd-9260-1f97dcf2c4dc.txt,1,1,37,5,6,3,5,4,5,3,5,6,3,4,4,3,6,6,5,5,6,4,4,"",5,4,4,5,3,4,4,5,5,4,3,1,5,3,4,4,7,6,4,5,4,5,5,6,6,6,"",6,5,5,6,3,4,6,4,4,5,7,7,6,5,5,7,3,4,6,5,2,5,5,4,6,"",5,6,5,4,4,6,7,5,5,3,4,4,5,4,2,5,2,4,5,5,5,4,3,4,4,"",5,4,3,4,2,6,4,4,3,5,4,5,4,5,6,4,4,4,4,4,3,4,5,5,7,"",2023-04-03-21-03,2023-04-03-21-20,17
s.515d073b-fddc-4521-81e0-288cc94cc981.txt,1,2,31,6,3,5,5,6,5,6,7,7,6,5,6,4,5,5,2,6,3,5,6,"",7,2,1,1,1,1,1,1,1,1,1,1,1,3,1,1,1,1,3,2,1,1,2,2,2,2,"",3,3,1,1,1,1,1,1,3,2,2,1,2,3,1,2,1,4,2,1,1,3,2,3,2,"",7,3,1,1,1,1,1,1,1,1,1,1,1,1,1,1,1,3,1,1,1,2,2,2,1,"",2,4,1,1,1,1,1,1,2,1,1,1,1,2,1,2,1,2,1,1,1,1,2,1,2,"",2023-04-05-15-29,2023-04-05-15-44,15
s.7ad2a2ca-d829-4942-b447-37236f4b62cb.txt,1,2,18,4,1,3,5,5,1,4,5,5,4,4,4,6,3,5,3,1,3,3,3,"",7,1,1,1,1,1,1,1,1,1,1,1,1,1,1,1,1,1,1,1,2,2,1,2,2,1,"",2,1,1,1,1,1,1,1,1,1,1,1,1,1,1,1,1,1,1,1,1,1,2,2,1,"",7,1,1,1,1,1,1,1,1,1,1,1,1,1,1,1,1,2,1,1,2,1,1,2,1,"",1,6,1,1,1,1,1,1,3,4,1,3,1,5,1,2,1,4,1,5,1,1,2,1,1,"",2023-03-21-15-07,2023-03-21-15-19,12
s.23126cd2-2e41-4cda-8b48-cce3ee5544bb.txt,1,2,39,6,5,4,6,6,6,6,6,6,2,6,2,7,7,4,4,6,5,3,3,"",5,4,4,4,4,4,4,4,4,4,4,4,4,3,5,4,7,7,7,7,7,4,6,6,6,6,"",4,4,5,4,4,5,4,5,4,4,5,4,4,4,4,7,7,7,7,7,4,6,6,6,6,"",3,3,4,5,5,4,5,4,4,5,5,5,5,5,4,7,7,7,7,4,4,6,6,6,6,"",5,5,4,4,4,4,4,4,4,4,4,4,4,4,4,7,7,7,7,7,7,4,6,6,6,"",2023-04-05-13-00,2023-04-05-13-12,12
s.bc088aec-51d4-4386-b117-a41d806d98db.txt,1,1,26,6,5,4,4,4,5,4,6,6,2,6,6,6,6,6,3,6,6,2,2,"",4,5,4,5,5,4,5,5,4,4,4,4,5,6,5,5,4,5,6,5,6,5,6,5,4,5,"",4,5,5,4,6,6,5,5,6,4,5,6,6,4,4,6,5,4,5,5,6,5,4,6,6,"",4,5,5,4,4,6,5,6,4,5,6,6,5,5,4,6,5,5,6,5,4,5,5,6,5,"",3,4,5,4,4,5,5,4,5,5,4,4,5,4,4,5,4,5,5,5,5,4,4,5,5,"",2023-03-28-19-20,2023-03-28-19-34,14
s.1e8d7d19-2d5b-4fd1-9b54-a33d8dae6450.txt,1,2,24,6,3,5,2,4,2,7,6,6,2,4,2,5,7,4,5,3,4,4,5,"",3,5,1,1,1,1,1,1,1,1,1,1,1,1,1,1,1,1,1,1,1,1,2,2,2,1,"",3,5,1,1,1,1,1,1,1,1,1,1,1,1,1,1,1,1,1,1,1,2,2,2,1,"",3,5,1,1,1,1,1,1,1,1,1,1,1,1,1,1,1,1,1,1,1,2,2,2,1,"",2,5,1,1,1,1,1,1,2,1,1,1,1,1,1,2,1,1,1,1,1,2,2,1,1,"",2023-03-30-20-02,2023-03-30-20-13,11
s.288842ec-0e41-4c4e-b5f9-a95d7b1d5e30.txt,1,1,25,4,4,4,4,4,4,4,4,4,4,4,4,4,4,4,4,4,4,4,4,"",4,4,4,4,4,4,4,4,4,4,4,4,4,4,4,4,4,4,4,4,4,4,4,4,4,4,"",4,4,4,4,4,4,4,4,4,4,4,4,4,4,4,4,4,4,4,4,4,4,4,4,4,"",4,4,4,4,4,4,4,4,4,4,4,4,4,4,4,4,4,4,4,4,4,4,4,4,4,"",4,4,4,4,4,4,4,4,4,4,4,4,4,4,4,4,4,4,4,4,4,4,4,4,4,"",2023-04-03-20-50,2023-04-03-22-29,99
s.1a36f5a1-7964-4970-a2d4-c96f9dbee360.txt,1,2,32,7,7,6,6,6,2,6,5,3,5,6,7,6,4,6,5,6,5,6,6,"",5,4,1,1,1,1,1,2,1,1,1,1,1,3,5,1,5,1,6,3,2,4,2,1,5,1,"",5,5,1,1,1,1,1,2,1,1,1,1,1,2,1,5,1,5,2,1,4,1,2,1,1,"",5,3,1,1,1,1,1,2,1,2,2,1,1,5,1,5,1,6,4,4,4,4,2,5,1,"",5,2,1,2,1,1,2,2,2,2,1,1,1,2,1,5,2,5,2,2,4,1,2,1,1,"",2023-04-01-01-47,2023-04-01-02-01,14
s.78fc2c85-0b99-4038-ad33-728ccb4faeea.txt,1,2,20,6,3,5,4,4,7,5,5,4,5,5,4,7,6,5,3,4,5,3,4,"",6,6,1,1,1,1,1,1,1,1,1,1,1,3,1,1,2,3,5,5,1,1,4,2,2,2,"",2,5,1,1,1,1,1,1,1,1,1,1,1,1,1,1,1,1,3,1,1,3,1,1,1,"",2,5,1,1,1,1,1,1,1,1,1,1,1,1,1,2,1,2,3,1,1,2,1,3,1,"",3,5,1,1,1,1,1,1,1,1,1,1,1,1,2,2,1,1,2,1,1,1,1,1,1,"",2023-04-03-20-14,2023-04-03-20-26,12
s.45efeda4-26ff-431b-bb02-181f395f07ef.txt,1,1,35,5,7,2,3,3,5,6,7,6,4,6,3,3,5,4,4,4,2,4,4,"",5,5,1,1,1,1,1,1,2,2,2,1,1,3,4,1,4,1,5,5,4,4,6,5,6,5,"",2,3,1,4,1,1,2,2,4,2,1,4,2,3,1,3,1,2,2,3,3,3,4,3,4,"",3,5,1,2,1,1,1,1,3,1,2,2,1,3,1,3,1,4,3,2,4,3,4,3,4,"",4,3,1,2,2,1,1,1,3,1,2,2,1,3,1,3,1,4,2,2,4,3,4,3,4,"",2023-03-23-09-22,2023-03-23-10-30,68
s.745c43d0-3dbc-44a9-b6a7-ea25db2aa626.txt,1,2,23,5,1,3,3,4,3,4,4,5,3,5,3,6,4,3,4,6,3,3,2,"",4,4,1,1,1,1,1,1,1,1,1,1,1,3,2,1,3,1,2,2,1,1,2,2,2,2,"",4,4,1,1,1,1,1,1,1,1,1,1,1,1,1,2,1,2,2,1,1,2,2,2,2,"",4,4,1,1,1,1,1,1,1,1,1,1,1,1,1,2,1,2,2,1,1,2,2,2,2,"",3,5,1,1,1,1,1,1,1,1,1,1,1,1,1,2,1,2,1,1,1,2,2,2,2,No,2023-03-25-11-37,2023-03-25-11-49,12
s.0bad018b-71e0-4fef-b482-934c4377fe37.txt,1,2,52,7,7,7,4,7,4,3,7,7,4,5,5,7,7,7,4,6,5,3,7,"",7,1,1,1,1,1,1,1,1,1,1,1,1,3,1,1,1,1,1,1,1,1,5,4,7,4,"",7,4,1,1,1,1,1,1,1,1,1,1,1,1,1,2,1,2,2,1,1,5,4,6,4,"",7,1,1,1,1,1,1,1,1,1,1,1,1,1,1,2,1,2,1,1,1,5,4,5,4,"",6,3,1,1,1,1,1,1,1,1,1,1,1,1,1,1,1,2,2,1,1,6,4,5,4,"",2023-03-29-10-03,2023-03-29-11-55,112
s.0cfe8250-3351-4042-bd71-6af313e3ae8b.txt,1,2,25,6,4,5,4,3,6,6,7,7,4,3,3,7,5,4,5,5,4,3,5,"",6,1,1,1,1,1,1,1,1,1,1,1,1,3,1,1,1,1,2,1,1,4,4,4,3,2,"",2,7,1,1,1,1,1,1,1,1,1,1,1,1,1,1,1,1,1,1,4,1,3,1,2,"",5,2,1,1,1,1,1,1,1,1,1,1,1,1,1,1,1,1,1,1,4,5,4,5,2,"",1,6,1,1,1,1,1,1,1,1,1,1,1,1,1,1,1,1,1,1,4,4,4,2,1,"",2023-03-22-21-07,2023-03-22-21-21,14
s.a356cbd2-070f-49c0-8d1d-362b927f634f.txt,1,2,26,5,2,2,3,4,3,4,7,7,5,4,3,7,7,3,7,5,3,1,7,"",5,2,1,1,1,1,1,1,1,1,1,1,1,1,1,1,1,1,1,1,1,1,1,3,3,3,"",5,2,1,1,1,1,1,1,1,1,1,1,1,1,1,1,1,1,1,1,1,3,4,4,4,"",5,2,1,1,1,1,1,1,1,1,1,1,1,1,1,1,1,1,1,1,1,3,3,3,3,"",5,2,1,1,1,1,1,1,1,1,1,1,1,1,1,1,1,1,1,1,1,3,3,3,3,"",2023-03-20-15-40,2023-03-20-15-51,11
s.5fb526ab-d869-404f-bc02-c1af54b6a428.txt,1,2,26,4,4,4,4,4,4,4,4,4,4,4,4,4,4,4,4,4,4,4,4,"",4,3,4,4,4,4,4,4,4,4,4,4,4,4,4,4,4,4,4,4,4,4,4,4,4,4,"",4,3,4,4,4,4,4,4,4,4,4,4,4,4,4,4,4,4,4,4,4,4,4,4,4,"",4,4,4,4,4,4,4,4,4,4,4,4,4,4,4,4,4,4,4,4,4,4,4,4,4,"",4,3,4,4,4,4,4,4,4,4,4,4,4,4,4,4,4,4,4,4,4,4,4,4,4,no,2023-03-26-15-15,2023-03-26-15-23,8
s.f2b8df3a-7c37-4924-98e5-eb6bb759cbf0.txt,1,2,34,7,7,5,6,6,6,7,7,7,6,4,4,7,6,4,5,5,5,5,4,"",7,4,1,1,1,1,1,1,1,1,1,1,1,3,1,1,1,1,2,1,1,1,2,2,5,1,"",3,3,1,1,1,1,1,1,1,1,1,1,1,1,1,1,1,1,1,1,1,1,1,1,1,"",4,4,1,1,1,1,1,1,1,1,1,1,1,1,1,1,1,1,1,1,1,1,1,2,1,"",3,4,1,1,1,1,1,1,2,1,1,1,1,1,1,1,1,1,1,1,1,1,1,1,1,"",2023-03-23-00-14,2023-03-23-00-26,12
s.2039ae2a-07b8-4afb-aed6-fff1803d0915.txt,1,2,29,7,1,6,6,6,4,6,7,7,5,6,4,7,7,4,5,6,4,4,7,"",7,2,1,1,1,1,1,1,1,1,1,1,1,3,6,1,7,4,7,4,4,1,6,6,6,5,"",2,3,1,1,1,1,1,1,1,1,1,1,1,1,1,3,1,1,1,1,1,3,5,4,5,"",7,2,1,1,1,1,1,1,1,1,1,1,1,6,1,7,6,6,5,4,1,6,4,7,6,"",5,4,1,1,1,1,1,1,1,1,1,1,2,2,1,6,4,5,4,3,1,3,4,4,2,Nice study:),2023-04-07-18-40,2023-04-07-18-52,12
s.b88ebe8d-3c90-4ea1-8f7e-c84a000a66ff.txt,1,2,19,1,5,6,7,6,1,7,7,7,7,4,5,4,2,7,7,1,6,3,4,"",6,1,1,2,1,1,1,1,1,1,1,1,1,1,1,1,1,1,1,1,1,1,1,1,1,1,"",3,3,1,1,1,1,1,1,1,1,1,2,1,1,1,1,1,1,1,1,1,1,1,1,1,"",3,2,1,1,1,1,1,1,1,1,1,1,1,1,1,1,1,1,1,1,1,1,1,1,1,"",5,1,1,1,1,1,1,1,1,1,1,1,1,1,1,1,1,1,1,1,1,1,1,1,1,"",2023-03-21-16-04,2023-03-21-16-14,10
s.05213e37-ef29-4568-b6af-c3feea91c4b1.txt,1,2,54,7,3,7,7,5,6,7,7,7,7,5,7,7,6,7,4,7,7,5,4,"",7,1,1,1,1,1,1,1,1,1,1,1,1,3,5,1,5,1,7,5,1,1,5,4,4,3,"",2,6,1,1,1,1,1,1,1,1,1,1,1,2,1,1,1,1,1,1,1,1,1,1,1,"",6,2,1,1,1,1,1,1,1,1,1,1,1,1,1,1,1,2,1,1,2,3,3,3,3,"",2,7,1,1,1,1,1,1,1,1,1,1,1,1,1,2,1,1,1,1,1,1,1,1,1,"",2023-04-01-15-26,2023-04-01-15-39,13
s.08ff9b11-9394-4de3-8665-7657212e1846.txt,1,1,21,4,7,4,4,4,5,3,5,4,3,5,4,6,4,5,3,4,6,4,2,"",7,1,4,6,5,5,6,4,6,5,5,7,4,7,5,4,7,5,4,5,5,6,5,5,4,5,"",1,7,1,5,1,3,3,3,4,5,3,4,4,5,3,5,5,3,4,5,4,3,4,5,4,"",5,4,4,4,4,4,4,4,4,4,4,4,4,4,4,4,4,4,4,4,4,4,4,4,4,"",5,2,6,5,5,5,6,5,5,6,5,5,5,6,5,4,6,4,5,6,4,5,4,5,4,"",2023-04-01-10-55,2023-04-01-11-05,10
s.207a644f-6fae-4e1c-9904-d6343ff3316a.txt,1,2,22,7,7,4,4,4,3,5,5,5,5,5,4,6,6,5,5,6,3,4,5,"",6,1,1,1,1,1,1,1,1,1,1,1,1,3,1,1,1,1,1,1,1,1,5,3,5,3,"",2,6,1,1,1,1,1,1,1,1,1,1,1,1,1,1,1,1,1,1,1,3,1,1,1,"",7,1,1,1,1,1,1,1,1,1,1,1,1,1,1,1,1,1,1,1,1,5,3,5,3,"",2,6,1,1,1,1,1,1,1,1,1,1,1,1,1,1,1,1,1,1,1,1,1,1,1,"",2023-03-26-17-19,2023-03-26-17-31,12
s.6f91f8c8-9aac-49b7-84fc-670656aed9f6.txt,1,3,20,4,2,4,3,3,4,4,4,4,5,3,3,5,4,5,3,5,5,3,4,"",2,3,2,2,2,2,2,2,2,2,2,2,2,2,2,2,2,2,2,2,2,2,2,2,2,2,"",3,2,2,2,2,2,2,2,2,2,2,2,2,2,2,2,2,2,2,2,2,2,2,2,2,"",4,3,2,2,2,2,2,2,2,2,2,2,2,2,2,2,2,2,2,2,2,2,2,2,2,"",3,3,2,2,2,2,2,2,2,2,2,2,2,2,2,2,2,2,2,2,2,2,2,2,2,"",2023-04-01-13-11,2023-04-01-13-23,12
s.2352476a-e631-481a-aef5-f0059b3b120e.txt,1,2,21,5,2,3,7,7,5,5,4,6,7,5,7,6,5,5,5,6,4,2,5,"",6,3,1,1,1,1,1,1,2,1,1,1,1,3,6,1,7,1,3,1,1,1,7,5,5,3,"",2,5,1,1,1,1,1,1,1,1,1,1,1,1,1,2,1,1,1,1,1,3,2,1,3,"",6,5,1,1,1,1,1,1,2,1,1,1,1,4,1,6,1,6,1,1,1,5,4,6,4,"",3,4,1,1,1,1,1,1,1,1,1,1,1,1,1,3,1,2,1,1,1,4,4,2,3,"",2023-04-02-22-16,2023-04-02-22-29,13
s.dfd62579-d453-42d0-8015-0a909234bcf3.txt,1,2,22,6,1,7,5,6,6,5,6,7,3,5,5,6,5,6,5,7,5,5,3,"",7,2,1,1,1,1,1,1,2,1,1,1,1,3,1,1,2,1,1,2,1,1,2,1,1,1,"",1,6,1,1,1,1,5,1,6,5,1,1,5,6,1,5,5,5,6,5,1,3,3,2,5,"",6,1,1,1,1,1,1,1,2,2,1,1,1,1,1,5,1,5,3,3,1,3,3,5,3,"",1,7,1,1,1,5,2,5,5,6,1,1,5,5,1,5,6,5,6,5,1,1,2,2,2,"",2023-04-01-06-08,2023-04-01-06-24,16
s.7101bd01-91e3-4d01-b332-1b18fc2ce51c.txt,1,2,31,6,3,5,4,5,4,5,4,4,3,4,4,6,5,4,3,5,6,2,6,"",6,2,1,1,1,1,1,1,1,1,1,1,1,3,1,1,1,1,1,2,1,1,6,4,5,3,"",6,2,1,1,1,1,1,1,1,1,1,1,1,1,1,1,1,1,1,1,1,5,4,5,4,"",6,2,1,1,1,1,1,1,1,1,1,1,1,1,1,1,1,1,1,1,1,5,4,5,4,"",6,2,1,1,1,1,1,1,1,1,1,1,1,1,1,1,1,1,1,1,1,4,4,3,4,"",2023-04-03-20-28,2023-04-03-20-48,20
s.5d3b0d36-490c-4ce7-8ee0-9df375332842.txt,1,1,21,5,1,4,6,6,3,6,7,7,2,5,2,2,5,5,3,6,3,5,3,"",5,2,1,1,1,1,1,1,1,1,1,1,1,3,2,1,2,1,5,1,2,1,4,2,5,1,"",3,5,1,1,1,1,1,1,1,1,1,1,1,1,1,1,1,1,1,2,1,1,1,1,1,"",6,3,1,1,1,1,1,1,1,1,1,1,1,1,1,4,1,5,1,2,1,4,3,5,2,"",2,5,1,1,1,1,1,1,2,1,1,1,1,1,1,2,1,2,1,2,1,2,2,3,1,"",2023-04-01-20-21,2023-04-01-20-32,11
s.17bc4176-6ec9-4e70-a653-8e80c628e0af.txt,1,2,27,6,5,6,7,6,3,6,7,6,5,5,3,7,6,6,2,6,6,2,5,"",3,3,1,1,1,1,1,1,1,2,1,1,1,3,2,1,2,1,3,2,1,1,3,2,4,1,"",2,7,1,2,1,1,2,1,1,1,1,1,1,2,1,3,1,2,2,1,1,1,1,1,1,"",3,3,1,1,1,1,1,1,1,3,1,1,1,2,1,5,1,5,2,4,1,3,1,2,1,"",1,7,1,1,1,1,1,1,1,1,1,1,1,1,1,1,1,1,1,1,1,1,1,1,1,"",2023-04-04-10-53,2023-04-04-11-11,18
s.e9e3dce5-fa44-4e32-bdff-f3eda7d10842.txt,1,2,23,6,5,6,6,7,6,6,6,6,6,6,3,7,6,6,6,6,6,6,6,"",7,6,1,1,1,1,1,1,1,1,1,1,1,3,1,1,2,1,2,1,1,2,2,2,2,2,"",6,5,1,1,1,1,1,1,1,1,1,1,1,1,1,4,1,1,1,1,5,2,4,2,2,"",6,5,1,1,1,1,1,1,1,1,1,1,1,1,1,5,1,2,1,1,3,2,2,2,2,"",7,3,1,1,1,1,1,1,1,1,1,1,1,1,1,2,1,1,1,2,2,2,2,2,2,No,2023-04-09-13-22,2023-04-09-13-39,17
s.afb7ce8e-75e8-4440-ac55-c1562a82d46d.txt,1,2,30,5,2,4,4,5,5,5,5,7,4,5,4,5,6,5,4,6,6,3,4,"",6,3,1,1,1,1,1,1,1,1,1,1,1,3,1,1,1,1,1,1,1,1,2,2,2,2,"",6,3,1,1,1,1,1,1,1,1,1,1,1,1,1,1,1,1,1,1,1,1,2,2,2,"",7,3,1,1,1,1,1,1,1,1,1,1,1,1,1,1,1,1,1,1,1,2,3,2,3,"",6,3,1,1,1,1,1,1,1,1,1,1,1,1,1,1,1,1,1,1,1,2,2,2,2,"",2023-04-09-20-22,2023-04-09-20-37,15
s.faa3c2ed-b8a2-490c-ad54-9fafd2a8bc63.txt,1,2,39,6,3,4,5,4,1,7,7,7,7,6,7,5,6,6,7,1,5,6,7,"",6,2,1,1,1,1,1,1,1,1,1,1,1,3,1,1,3,1,5,4,1,6,4,3,5,1,"",2,4,1,1,1,1,1,1,1,1,1,1,1,1,1,3,1,3,3,1,6,2,2,1,1,"",5,3,1,1,1,1,1,1,1,1,1,1,1,1,1,3,1,2,3,1,6,4,3,4,1,"",2,4,1,1,1,1,1,1,1,1,1,1,1,1,1,3,1,2,3,1,6,2,3,1,1,What the heck was that? Did you EMP the poor thing intermittently? lol,2023-03-22-08-56,2023-03-22-09-07,11
s.d2b466ab-ac68-44cb-a74b-fea85d4411b5.txt,1,1,24,6,7,5,6,5,4,2,5,7,2,5,6,5,6,5,2,5,6,2,2,"",5,5,7,6,7,5,6,5,6,7,6,7,6,7,6,5,7,7,7,6,4,5,7,6,7,6,"",6,5,7,6,6,6,7,6,7,7,7,6,7,6,7,6,7,6,6,6,5,5,5,5,5,"",6,5,5,6,5,6,6,6,6,6,7,7,7,6,5,6,6,6,6,7,7,7,7,7,7,"",5,7,6,6,6,6,6,7,7,7,7,6,5,5,5,5,5,6,6,6,6,6,7,7,7,"",2023-04-04-16-20,2023-04-04-16-29,9
s.aa00abb0-fa27-4ead-bb96-cce815de3e7b.txt,1,2,27,5,3,2,5,3,4,6,6,7,5,1,2,6,5,4,6,4,1,7,5,"",6,1,1,1,1,1,1,1,1,1,1,1,1,3,1,1,1,1,5,5,1,1,2,2,5,1,"",3,2,1,5,1,1,1,1,1,5,1,1,1,5,1,1,1,5,5,1,1,2,2,5,1,"",6,1,1,1,1,1,1,1,1,1,1,1,1,1,1,1,1,6,5,1,1,2,5,5,1,"",3,1,1,1,1,1,1,1,1,2,1,1,1,2,1,1,1,5,5,1,1,2,2,5,1,"",2023-03-23-16-59,2023-03-23-17-15,16
s.c557e5a2-4e5a-4bc7-be21-6274b13c8e0b.txt,1,4,34,4,4,5,3,2,4,6,6,6,3,4,3,4,5,3,5,4,5,4,4,"",6,1,1,1,1,1,1,1,1,1,1,1,1,3,1,1,7,1,4,7,1,4,7,7,7,6,"",4,5,1,1,1,1,1,1,1,1,1,1,1,1,1,2,1,1,2,1,4,3,4,2,3,"",7,1,1,1,1,1,1,1,1,1,1,1,1,1,1,6,1,1,5,1,4,6,5,7,5,"",3,4,1,1,1,1,1,1,1,1,1,1,1,1,1,1,1,3,5,3,4,5,4,3,5,"",2023-03-29-17-00,2023-03-29-17-11,11
s.8a5f68a2-4c06-42d5-9be9-b954191da59b.txt,1,2,24,6,3,5,7,6,3,5,6,7,3,6,6,5,5,5,5,6,3,5,5,"",4,1,1,1,1,1,1,1,1,1,1,1,1,3,2,1,5,1,6,2,1,3,2,3,2,1,"",3,3,1,1,1,1,1,1,5,4,1,1,1,1,1,5,1,6,3,2,3,1,2,1,1,"",3,1,1,1,1,1,1,1,5,3,1,1,1,1,1,5,1,6,1,1,2,1,3,3,2,"",3,3,1,1,1,1,1,1,5,5,1,1,1,5,1,5,1,6,1,5,2,1,3,2,2,"",2023-03-31-17-44,2023-03-31-17-57,13
s.d2441ab5-047b-43eb-a8be-c152080e43cd.txt,1,2,22,6,6,6,2,2,5,6,6,7,1,3,5,6,6,3,5,6,6,3,5,"",5,5,2,2,2,2,2,2,5,2,2,2,2,3,2,2,5,2,5,5,2,2,5,4,5,5,"",5,5,5,2,2,2,2,2,5,2,2,2,2,2,2,5,2,6,5,3,2,6,6,6,5,"",5,5,2,2,2,2,2,2,2,2,2,2,2,2,2,5,2,5,5,2,2,6,5,5,5,"",5,5,1,1,1,1,2,2,5,2,2,2,2,2,2,5,2,6,5,2,2,5,6,5,5,"",2023-03-23-16-55,2023-03-23-17-07,12
s.af55817e-d9b6-4b63-a3d7-33f7ed39e419.txt,1,2,25,6,5,2,6,6,5,6,6,7,5,6,3,7,7,5,4,7,2,6,6,"",6,5,1,1,1,1,1,1,1,1,1,1,1,1,1,1,1,1,1,1,1,1,1,1,1,1,"",3,2,1,1,1,1,1,1,1,1,1,1,1,1,1,2,1,1,1,1,1,1,1,1,1,"",5,6,1,1,1,1,1,1,1,1,1,1,1,3,1,3,1,3,1,1,1,3,1,1,1,"",2,6,1,1,1,1,1,1,2,1,1,1,1,1,1,3,1,1,1,1,1,1,1,1,1,"",2023-04-03-21-01,2023-04-03-21-11,10
s.a3c1c733-0df5-4d07-9210-a76bdca110f9.txt,1,2,22,5,5,5,5,5,4,5,4,5,3,3,5,5,5,5,4,5,5,6,5,"",4,1,1,1,1,1,1,1,5,1,1,1,1,3,5,1,5,1,5,5,5,5,5,5,5,1,"",4,5,1,1,1,1,1,1,6,1,1,1,1,4,1,5,1,5,5,5,5,5,1,5,1,"",4,1,1,1,1,1,1,1,5,1,1,1,1,5,1,5,1,5,5,5,5,5,3,3,1,"",4,1,1,1,1,1,1,1,3,1,1,1,1,5,1,5,1,5,5,5,5,5,3,5,2,"",2023-04-03-21-26,2023-04-03-21-38,12
s.171ff81a-48cc-42e1-befe-902d79165ff1.txt,1,2,22,6,2,3,5,4,4,5,7,7,6,5,2,5,6,5,6,1,3,4,7,"",6,1,1,1,1,1,1,1,1,1,1,1,1,3,1,1,5,5,5,1,1,1,4,5,5,5,"",1,5,1,1,1,3,1,1,3,1,1,1,1,5,1,1,5,5,4,4,1,1,5,2,4,"",5,1,1,1,1,1,1,1,1,1,1,1,1,1,1,3,1,1,1,1,1,2,5,3,4,"",1,7,1,1,5,1,1,1,5,1,1,1,1,6,1,1,1,1,1,5,1,1,5,1,3,"",2023-04-04-19-54,2023-04-04-20-07,13
s.cc0c3c20-128b-4a1b-be77-1a750c36c7c3.txt,1,2,22,6,2,3,5,5,6,5,6,6,5,5,5,7,4,5,3,6,4,3,3,"",5,4,1,1,1,1,1,1,1,1,1,1,1,1,1,1,1,1,1,1,1,1,2,2,2,2,"",5,4,1,1,1,1,1,1,1,1,1,1,1,1,1,1,1,1,1,1,1,2,2,2,2,"",5,4,1,1,1,1,1,1,1,1,1,1,1,1,1,1,1,1,1,1,1,2,2,2,2,"",5,5,1,1,1,1,1,1,1,1,1,1,1,1,1,1,1,1,1,1,1,2,3,3,3,"",2023-03-29-08-34,2023-03-29-08-52,18
s.f3a97b33-8cab-4d27-bfee-565c41fd0347.txt,1,2,23,5,5,4,5,5,5,3,5,5,5,4,5,4,6,3,5,6,4,5,5,"",5,4,2,2,2,2,2,2,2,4,2,2,2,3,3,2,4,2,5,2,2,2,5,4,4,2,"",4,5,2,2,2,2,2,2,2,2,2,2,2,3,2,4,2,5,2,2,2,3,3,3,2,"",5,5,2,2,2,2,2,2,2,3,2,2,2,3,2,4,5,5,2,2,1,3,5,5,2,"",2,2,2,2,2,2,2,2,3,3,2,2,2,2,2,2,2,2,2,2,2,2,2,2,2,"",2023-03-20-16-04,2023-03-20-16-17,13
s.06947f7f-68c3-41c4-9d17-4bc010eb1382.txt,1,1,30,5,5,5,4,4,5,3,4,5,3,4,5,5,5,4,3,5,5,4,3,"",3,4,1,1,1,1,1,1,1,1,1,1,1,1,1,1,1,1,1,1,1,1,1,1,1,1,"",4,6,1,1,1,1,1,1,1,1,1,1,1,4,1,1,1,1,3,1,1,1,3,2,1,"",3,3,1,1,1,1,1,1,1,1,1,1,1,1,1,1,1,1,1,1,1,1,1,1,1,"",3,4,1,1,1,1,1,1,1,1,1,1,1,2,1,1,1,1,1,1,1,1,1,1,1,"",2023-04-07-23-17,2023-04-08-01-10,113
s.60fd1cd9-edc3-428d-b3a0-bc6fa7a9c120.txt,1,2,26,5,1,3,7,5,4,6,7,7,6,5,2,5,4,4,6,5,5,6,7,"",6,5,1,1,1,1,1,1,1,1,1,1,1,3,1,1,5,1,4,1,1,1,3,3,2,2,"",1,6,1,1,1,1,1,1,1,1,1,1,1,1,1,1,1,1,1,1,1,1,1,1,1,"",7,4,1,1,1,1,1,1,1,1,1,1,1,1,1,1,1,1,1,1,1,2,2,2,2,"",1,7,1,1,1,1,1,1,1,1,1,1,1,1,1,2,1,1,1,1,1,1,1,1,1,"",2023-03-24-14-09,2023-03-24-14-19,10
s.8714091f-096f-4243-b3ad-e83cff71a0da.txt,1,2,22,6,5,4,7,5,3,7,7,7,7,4,5,7,7,6,6,6,6,5,7,"",7,1,1,1,1,1,1,1,1,1,1,1,1,3,1,1,2,1,5,2,1,1,2,4,2,1,"",5,3,1,1,1,1,1,1,1,1,1,1,1,2,1,3,1,5,1,1,1,1,2,1,1,"",7,1,1,1,1,1,1,1,1,1,1,1,1,1,1,2,1,5,1,1,1,2,4,2,1,"",6,1,1,1,1,1,1,1,1,1,1,1,1,1,1,5,1,7,2,1,1,2,4,2,1,"",2023-03-20-17-49,2023-03-20-18-05,16
s.1499c123-9f45-47dd-8afd-bc28c4c9c6fb.txt,1,1,25,5,6,4,5,2,7,5,7,7,5,4,4,6,6,4,4,7,5,7,6,"",6,2,1,1,1,1,1,1,1,1,1,1,1,3,1,1,1,1,1,1,1,1,5,5,6,4,"",2,5,1,4,1,1,1,1,4,1,1,1,1,1,1,5,1,5,5,5,4,5,2,3,1,"",7,1,1,1,1,1,1,1,1,1,1,1,1,1,1,5,1,6,1,4,1,7,5,7,5,"",1,7,1,1,1,1,1,1,1,1,1,1,1,1,1,1,1,1,1,1,1,1,1,1,1,Thank you.,2023-03-24-18-13,2023-03-24-20-21,128
s.f6a6c0ad-61f3-4bf6-909d-4fc496afc139.txt,1,2,24,7,5,4,2,5,7,4,6,7,3,5,3,7,7,3,6,7,4,4,3,"",7,1,1,1,1,1,1,1,1,1,1,1,1,3,1,1,1,1,1,1,1,1,1,1,1,1,"",3,3,1,1,1,1,1,1,1,1,1,1,1,1,1,1,1,1,1,1,1,1,1,1,1,"",7,1,1,1,1,1,1,1,1,1,1,1,1,1,1,1,1,1,1,1,1,1,1,1,1,"",4,4,1,1,1,1,1,1,1,1,1,1,1,1,1,1,1,1,1,1,1,1,1,1,1,"",2023-04-04-20-28,2023-04-04-20-47,19
s.3013c463-08e8-4ccc-b07e-fd7c91c61f94.txt,1,2,31,7,7,1,4,4,5,7,7,7,4,6,4,5,7,4,4,3,4,7,7,"",5,2,1,1,1,1,1,1,1,5,1,1,1,3,4,1,6,1,6,1,3,1,1,3,5,1,"",1,4,1,1,1,1,1,1,1,1,1,1,1,4,1,4,1,4,1,5,1,1,3,2,1,"",5,2,1,1,1,1,1,1,1,3,1,1,1,3,1,5,1,5,1,5,1,1,1,1,1,"",1,6,1,1,1,1,1,1,1,3,1,1,1,2,1,2,1,2,1,1,1,1,1,1,1,"",2023-04-01-18-23,2023-04-01-18-38,15
s.8a113be6-1b8c-4d0b-9ac9-f7859c7946cc.txt,1,1,22,5,4,5,6,3,2,3,4,6,5,5,2,5,3,6,4,1,2,1,2,"",3,5,1,1,1,1,1,1,1,1,1,1,1,3,2,1,2,1,1,3,1,1,5,5,4,3,"",7,2,1,1,1,1,1,1,1,1,1,1,1,5,1,1,1,1,1,1,1,4,5,5,5,"",1,2,1,1,1,1,1,1,1,1,1,1,1,2,1,1,1,1,1,1,1,4,5,5,5,"",7,7,1,1,1,1,1,1,1,1,1,1,1,6,1,5,1,5,4,1,1,4,5,5,5,The first Robot shown and the last robot shown. I really could not detect any difference. As both the robots were following a planned path.,2023-03-26-14-09,2023-03-26-14-23,14
s.37c20d4a-c38c-406f-9276-fab375e8847f.txt,1,2,35,6,2,4,2,2,6,4,6,5,3,4,3,5,5,2,5,6,4,4,6,"",4,4,1,1,1,1,1,1,1,1,1,1,1,3,1,1,1,1,1,1,1,1,5,5,5,4,"",4,3,1,1,1,1,1,1,5,5,1,1,1,5,1,5,1,5,5,1,1,5,5,5,5,"",5,4,1,1,1,1,1,1,1,1,1,1,1,1,1,1,1,1,1,1,1,4,4,4,4,"",2,6,1,1,1,1,1,1,5,1,1,1,1,1,1,1,1,1,1,5,1,5,5,4,4,"",2023-03-27-16-35,2023-03-27-16-47,12
s.0c9c87a2-1915-4ef8-b562-a5b670255511.txt,1,2,30,7,3,6,6,6,3,6,6,6,6,5,5,6,6,5,6,4,5,5,5,"",5,2,1,1,1,1,1,1,1,1,1,1,1,3,1,1,4,1,1,1,1,1,1,1,4,2,"",3,3,1,1,1,1,1,1,1,1,1,1,1,1,1,1,1,1,1,1,1,1,1,1,1,"",7,1,1,1,1,1,1,1,1,1,1,1,1,1,1,1,1,1,1,1,1,1,1,5,1,"",1,6,1,1,1,1,1,1,1,1,1,1,1,1,1,1,1,1,1,1,1,1,1,1,1,"",2023-04-02-14-47,2023-04-02-15-00,13
s.afc9ebda-0899-4eea-a637-bef6d4ae2fc2.txt,1,2,36,6,5,3,4,5,3,6,7,7,5,5,3,5,7,4,3,7,4,3,4,"",3,2,1,1,1,1,1,1,1,1,1,1,1,3,2,1,4,1,4,2,2,1,2,1,1,1,"",1,3,1,1,1,1,1,1,1,1,1,1,1,4,1,4,1,4,2,2,1,2,1,1,1,"",3,2,1,1,1,1,1,1,1,1,1,1,1,1,1,4,1,4,2,2,1,4,1,1,1,"",1,3,1,1,1,1,1,1,1,1,1,1,1,1,1,4,1,4,4,2,1,2,2,2,2,"",2023-04-05-07-08,2023-04-05-07-21,13
s.8822ebfe-7495-4ed9-a764-772aa68ab3b2.txt,1,1,39,7,5,5,6,3,5,4,7,7,3,5,7,7,7,6,3,6,6,4,2,"",6,2,1,1,1,1,1,1,1,1,1,1,1,3,2,1,5,1,1,1,1,1,2,2,1,1,"",2,5,1,1,1,1,1,1,1,1,1,1,1,4,1,5,1,2,2,5,1,2,1,2,1,"",6,2,1,1,1,1,1,1,1,1,1,1,1,5,1,5,1,5,1,1,1,2,1,2,1,"",2,4,1,1,1,1,1,1,1,1,1,1,1,5,1,5,1,5,1,1,1,4,1,2,1,"The two robots that were trying to find the tape were surprisingly bad, maybe the shiny floor was too confusing? The pre-programmed ones were better but still missed.",2023-04-07-07-32,2023-04-07-08-09,37
s.54a75b07-9a61-4d7b-9188-8534d9f7458d.txt,1,2,30,7,1,4,6,7,2,4,6,7,3,4,7,4,7,5,2,5,3,3,2,"",7,3,1,1,1,1,1,1,1,1,1,1,1,3,1,1,7,1,6,1,1,1,5,3,4,4,"",1,7,1,1,1,1,1,1,1,1,1,1,1,1,1,4,1,4,4,1,1,3,4,4,4,"",6,1,1,1,1,1,1,1,1,1,1,1,1,1,1,5,1,7,3,1,1,6,4,6,4,"",1,7,1,1,1,1,1,1,1,1,1,1,1,1,1,4,4,5,4,1,1,4,4,4,4,"",2023-03-31-14-53,2023-03-31-15-12,19
s.54ceda14-3c63-4d1a-aa93-f8291afdb799.txt,1,2,23,3,3,4,4,6,5,3,4,3,3,4,4,4,4,6,3,5,5,3,3,"",3,1,4,4,4,5,5,5,5,2,3,4,5,4,3,2,1,1,1,2,6,4,4,5,4,2,"",2,2,3,4,5,6,5,6,7,5,5,5,4,4,3,3,3,4,5,6,6,6,5,4,3,"",4,2,2,2,2,5,4,6,7,6,5,6,3,3,4,4,3,3,3,4,5,6,4,3,1,"",2,4,5,4,3,4,4,4,3,2,3,4,5,4,3,3,3,5,4,5,6,5,7,7,7,"",2023-03-26-21-07,2023-03-26-21-15,8
s.4fa3e992-fba3-418d-aefd-d42a8e066fa1.txt,1,2,18,5,2,4,6,6,6,3,7,7,4,5,3,7,5,3,6,5,4,2,5,"",6,1,1,1,1,1,1,1,1,2,1,1,1,3,1,1,1,1,2,1,1,1,6,4,5,5,"",4,3,1,2,2,2,2,2,2,4,2,2,2,5,2,2,2,2,2,2,1,5,6,6,5,"",4,2,1,3,3,3,3,3,3,2,3,3,3,2,4,6,6,7,7,4,1,7,6,6,4,"",2,5,1,1,1,1,1,1,1,5,1,1,1,5,1,1,1,1,1,4,1,3,5,4,5,Very interesting survey,2023-04-07-21-03,2023-04-07-21-19,16
s.6c1771c0-a83f-4ef6-a0dc-2c2195917499.txt,1,2,26,2,2,2,2,2,6,4,6,6,2,4,4,6,6,4,2,6,3,5,5,"",5,5,1,1,1,1,1,1,1,1,1,1,1,3,1,1,6,1,1,1,1,1,1,1,1,1,"",3,5,1,1,1,1,1,1,1,1,1,1,1,1,1,5,1,1,1,1,1,1,1,1,1,"",3,5,1,1,1,1,1,1,1,1,1,1,1,1,1,1,1,1,1,1,1,1,1,1,1,"",3,5,1,1,1,1,1,1,1,1,1,1,1,1,1,5,1,1,1,1,1,1,1,1,1,no,2023-04-01-08-09,2023-04-01-08-20,11
s.85c67879-14c0-4ef2-bd0d-ffc5628b3b76.txt,1,1,34,7,7,7,7,7,7,1,7,7,7,1,1,3,1,3,4,1,3,5,5,"",1,6,4,4,4,4,4,4,4,4,4,4,4,4,4,4,4,4,4,4,4,4,4,4,4,4,"",1,3,1,1,1,1,1,3,3,2,4,2,2,1,1,1,2,2,2,2,2,2,2,2,2,"",5,4,6,6,6,6,6,5,5,5,5,5,6,6,6,5,5,5,5,6,6,5,5,5,5,"",1,2,3,3,3,3,2,2,3,3,3,2,2,3,2,3,2,2,3,2,3,3,3,3,2,"",2023-03-20-20-09,2023-03-20-20-17,8
s.9334f292-53a0-49ac-8358-2f5d9f6e6fc4.txt,1,2,20,5,3,4,7,6,4,5,6,5,4,5,3,6,7,5,4,5,5,3,4,"",4,3,1,1,1,1,1,1,1,1,1,1,1,3,3,1,5,4,4,3,2,1,2,2,1,1,"",3,5,1,1,1,1,3,1,1,1,1,1,1,2,1,4,5,5,5,2,1,1,2,1,1,"",4,4,1,1,1,1,1,1,1,1,1,1,1,2,1,5,4,4,5,3,1,2,2,2,1,"",3,5,1,1,1,1,1,1,1,1,1,1,1,1,1,4,4,5,5,1,1,2,2,1,1,"",2023-03-29-15-50,2023-03-29-16-05,15
s.0fbde34d-4ac7-4a45-b848-e67833440010.txt,1,2,23,3,2,2,5,6,6,7,7,7,5,5,3,7,7,3,5,7,3,5,7,"",1,7,1,1,1,1,1,1,1,1,1,1,1,1,1,1,1,1,1,1,1,1,1,1,1,1,"",6,6,1,1,1,1,1,1,1,1,1,1,1,1,1,6,1,6,1,1,6,6,6,6,6,"",1,7,1,1,1,1,1,1,1,1,1,1,1,1,1,1,1,1,1,1,1,1,1,1,1,"",4,6,1,1,1,1,1,1,1,1,1,1,1,2,1,7,1,1,5,1,7,7,3,7,6,"",2023-04-01-04-14,2023-04-01-04-30,16
s.ed022fbd-7804-44c7-814c-0f94980c12a0.txt,1,1,29,7,3,3,5,4,5,6,7,7,5,5,5,5,5,5,6,7,6,3,7,"",7,6,1,1,1,1,1,1,1,1,1,1,1,1,1,1,7,1,3,1,1,3,2,1,2,1,"",7,6,1,1,1,1,1,1,1,1,1,1,1,1,1,7,4,2,2,1,3,2,1,1,1,"",7,6,1,1,1,1,1,1,1,1,1,1,1,1,1,7,2,2,3,1,2,1,1,1,1,"",1,6,1,1,1,1,1,1,1,1,1,1,1,1,1,7,1,1,1,1,1,1,1,2,2,"Robots generally cannot 'feel' anything, the wording seems inaccurate.",2023-04-04-12-57,2023-04-04-13-08,11
s.041e3999-f36b-4c19-9e66-9ce3145b213d.txt,1,2,32,6,3,5,4,5,4,7,5,6,5,5,4,5,7,5,5,7,4,2,7,"",5,3,1,1,1,1,1,1,5,1,1,1,1,3,5,1,5,1,5,1,2,5,5,1,5,3,"",3,4,1,1,1,1,1,1,5,3,1,1,1,5,1,6,1,5,3,2,4,2,2,2,2,"",5,5,1,1,1,1,1,1,1,1,1,1,1,5,1,5,1,5,1,1,5,5,2,5,1,"",3,4,1,1,1,1,1,5,5,1,1,1,1,5,1,3,1,3,1,1,5,3,1,2,1,"",2023-04-01-20-29,2023-04-01-20-52,23
s.4c96a0f9-938a-42a0-b76a-ab45f9303320.txt,1,2,22,6,5,5,6,5,2,4,6,6,6,5,4,6,5,5,6,4,3,5,6,"",6,1,1,1,1,1,1,1,1,1,1,1,1,3,1,1,5,1,5,1,1,1,5,5,5,5,"",4,3,1,1,1,1,1,1,1,1,1,1,1,1,1,1,1,3,1,1,1,3,3,3,3,"",5,6,1,1,1,1,1,1,1,1,1,1,1,1,1,5,1,3,1,1,1,3,5,5,3,"",3,3,1,1,1,1,1,1,1,1,1,1,1,1,1,3,1,3,1,1,1,3,3,3,3,"",2023-03-31-16-50,2023-03-31-17-04,14
s.20063897-4694-49ff-b043-9966cf25ec1e.txt,1,2,26,6,4,4,3,3,5,3,5,6,4,5,4,5,6,4,6,7,4,5,5,"",6,6,1,1,1,1,1,1,1,1,1,1,1,3,1,1,4,1,1,4,1,2,4,3,6,4,"",4,3,1,1,1,1,1,1,1,1,1,1,1,1,1,1,1,1,2,1,2,2,2,2,2,"",6,4,1,1,1,1,1,1,1,1,1,1,1,1,1,4,1,1,4,1,2,4,2,4,2,"",4,4,1,1,1,1,1,1,1,1,1,1,1,1,1,1,1,1,4,1,2,4,2,4,2,"",2023-04-05-21-46,2023-04-05-22-06,20
s.07c7e054-6d14-4280-86ef-7ac46e4810c0.txt,1,1,22,5,7,3,3,3,3,3,3,5,3,2,3,5,3,3,1,4,3,3,2,"",6,5,1,1,1,1,1,1,1,1,1,1,1,3,1,1,1,1,1,1,1,2,3,3,5,2,"",2,2,1,1,1,1,1,1,1,1,1,1,1,1,1,1,1,1,1,1,2,2,3,3,3,"",5,6,1,1,1,1,1,1,1,1,1,1,1,1,1,1,1,1,1,1,2,4,3,5,3,"",3,3,1,1,1,1,1,1,1,1,1,1,1,1,1,1,1,1,1,1,2,1,3,2,3,Nope,2023-04-07-12-56,2023-04-07-13-17,21
s.a7bc9206-02f3-49fb-b39b-508c626c3775.txt,1,1,23,7,5,6,7,5,5,4,3,6,5,5,7,6,5,6,3,4,5,3,3,"",7,2,1,1,1,1,1,1,1,1,1,1,1,3,1,1,1,1,1,1,1,1,1,1,1,1,"",4,2,1,1,1,1,1,1,1,1,1,1,1,1,1,1,1,1,1,1,1,1,1,1,1,"",5,4,1,1,1,1,1,1,1,1,1,1,1,1,1,1,1,1,1,1,1,1,1,1,1,"",3,3,1,1,1,1,1,1,1,1,1,1,1,1,1,1,1,1,1,1,1,1,1,1,1,this survey was painful,2023-03-30-11-16,2023-03-30-11-28,12
s.cb00926a-5503-4098-af42-6a36ea684c20.txt,1,2,22,5,1,3,3,3,5,5,5,5,3,4,5,5,5,3,4,5,5,4,3,"",6,3,2,2,2,2,2,2,3,5,2,2,2,3,4,2,5,2,5,2,2,5,2,5,2,2,"",6,4,2,2,2,2,2,2,3,3,2,2,2,3,2,2,2,2,2,2,3,2,3,2,2,"",6,4,2,2,2,2,2,2,3,3,2,2,2,2,2,5,2,3,2,2,3,2,3,2,2,"",5,5,2,2,2,2,2,2,3,3,2,2,2,3,2,3,2,2,2,2,3,2,3,2,2,"",2023-04-07-17-20,2023-04-07-17-33,13
s.0ba8b28b-1c2b-4f07-9b64-417abd0a5acb.txt,1,1,33,6,4,6,7,6,6,6,7,7,6,5,4,6,7,6,7,7,7,5,6,"",7,2,1,1,1,1,1,1,2,2,1,1,1,3,6,2,5,4,6,4,5,4,6,4,6,4,"",7,6,1,1,1,1,1,1,3,2,1,1,1,5,4,5,1,6,2,4,4,4,2,3,2,"",7,1,1,1,1,1,1,1,2,1,1,1,1,6,2,6,4,7,4,4,4,6,5,6,4,"",1,7,1,1,1,1,1,1,1,1,1,1,1,2,1,2,1,2,2,2,2,2,3,1,1,Looks interesting. Looking forward to the results. Good luck!,2023-03-20-12-58,2023-03-20-13-12,14
s.ce2358ab-8d8d-433d-881d-fe0d5a160ab4.txt,1,2,24,6,1,3,5,5,4,6,5,6,4,3,3,5,6,5,3,3,6,5,4,"",6,1,1,1,1,1,1,1,1,1,1,1,1,3,1,1,1,1,1,1,1,3,4,4,3,3,"",4,4,1,1,1,1,1,1,5,3,1,5,1,1,1,1,1,1,1,1,2,2,2,2,2,"",6,1,1,1,1,1,1,1,1,1,1,1,1,1,1,1,1,1,1,1,2,2,4,3,3,"",6,2,1,1,1,1,1,1,1,1,1,1,1,1,1,1,1,1,1,1,2,4,4,3,2,"",2023-04-08-14-09,2023-04-08-14-23,14
s.3c0bce49-232f-4afb-aabd-677b47fe564e.txt,1,2,22,7,6,6,7,6,4,6,7,7,6,6,6,6,5,6,5,6,6,5,6,"",5,6,1,1,1,1,1,1,1,1,1,1,1,3,1,1,3,1,1,1,1,1,5,4,6,4,"",3,5,1,1,1,1,1,1,1,1,1,1,1,1,1,2,1,1,2,1,1,3,3,3,2,"",6,6,1,1,1,1,1,1,1,1,1,1,1,1,1,3,1,1,1,1,1,5,5,6,4,"",3,4,1,1,1,1,1,1,1,1,1,1,1,1,1,3,1,1,3,1,1,3,4,3,2,"",2023-04-02-12-55,2023-04-02-13-10,15
s.5d2da45a-a730-48e9-9ac1-f457441e4a71.txt,1,2,23,4,3,5,6,6,5,5,5,6,3,4,5,6,5,6,5,4,5,5,6,"",6,6,1,1,1,1,1,1,1,5,1,1,1,3,5,1,6,1,6,1,1,1,6,6,6,2,"",5,5,1,1,1,1,1,1,1,1,1,1,1,1,1,5,1,5,1,1,1,5,5,2,1,"",5,5,1,1,1,1,1,1,1,1,1,1,1,1,1,5,1,3,1,1,1,3,3,3,2,"",5,5,1,1,1,1,1,1,1,2,1,1,1,1,1,4,1,3,2,1,1,3,3,4,2,"",2023-03-31-21-28,2023-03-31-21-39,11
s.de9356aa-806f-4c0c-b5a1-0ae836ebaa8b.txt,1,2,NA,1,2,4,4,3,5,2,4,2,3,4,3,3,3,5,3,3,5,3,3,"",2,1,1,3,3,3,2,4,5,5,5,5,4,3,3,3,3,3,3,2,2,2,6,6,6,4,"",6,6,2,4,3,5,5,5,4,3,3,6,6,4,2,3,5,4,3,3,5,6,2,3,4,"",4,2,3,4,5,4,3,2,3,5,5,5,4,3,5,3,3,3,5,4,6,3,3,2,2,"",2,2,3,4,5,4,3,2,2,4,2,2,2,6,6,6,6,6,4,3,2,2,4,3,3,"",2023-04-04-16-52,2023-04-04-17-03,11
s.ae85ea8c-0872-4a21-b407-bca4e456e613.txt,1,2,23,6,3,3,4,5,5,4,3,3,4,5,3,5,4,3,6,3,4,2,4,"",4,3,2,2,2,2,2,2,2,2,2,2,2,2,2,2,5,2,5,2,2,2,5,5,5,5,"",3,3,2,2,2,2,2,2,2,2,2,2,2,2,2,5,2,5,2,2,2,5,5,5,5,"",6,6,3,3,3,3,3,3,3,3,3,3,3,3,3,5,3,5,5,3,3,5,5,5,4,"",2,7,2,2,2,2,2,2,2,2,2,2,2,2,2,5,2,5,5,2,2,5,5,2,5,"",2023-03-21-09-47,2023-03-21-10-00,13
s.f72c4d23-4db7-4977-adc2-e23f49d211d2.txt,1,2,25,5,6,6,6,6,7,5,6,7,6,5,6,6,6,6,5,6,6,5,6,"",7,1,1,1,1,1,1,1,1,1,1,1,1,3,5,1,2,5,5,5,5,1,2,2,2,2,"",5,2,1,1,1,1,1,1,1,1,1,1,1,1,1,2,3,3,3,1,1,1,1,1,1,"",6,2,1,1,1,1,1,1,1,1,1,1,1,1,1,1,5,5,5,5,1,1,1,1,1,"",7,4,1,1,1,1,1,1,1,1,1,1,1,2,1,1,2,2,2,1,1,1,1,1,1,"",2023-03-21-11-08,2023-03-21-11-22,14
s.a8fc89bf-8667-4ede-b8af-bd1afef0da84.txt,1,2,30,7,1,4,4,4,7,5,5,6,2,4,1,6,5,4,3,1,1,2,3,"",5,2,1,1,1,1,1,1,1,1,1,1,1,3,1,1,1,1,1,1,1,1,2,1,5,1,"",2,5,1,1,1,1,1,1,2,1,1,1,1,1,1,1,1,1,1,1,1,2,1,2,1,"",5,4,1,1,1,1,1,1,1,1,1,1,1,1,1,1,1,6,1,1,1,1,4,4,1,"",2,5,1,1,1,1,1,1,2,1,1,1,1,1,1,1,1,3,1,1,1,1,1,2,1,"",2023-03-27-17-31,2023-03-27-17-40,9
s.3dcc0045-db16-4619-a36f-891d45b3eff9.txt,1,1,24,4,6,3,4,5,2,6,4,5,4,4,4,5,5,4,5,5,3,5,5,"",6,4,1,1,1,1,1,1,1,1,1,1,1,3,1,1,6,1,2,2,1,1,4,3,4,2,"",4,3,1,1,1,1,1,1,1,1,1,1,1,1,1,5,1,5,1,1,1,4,2,3,2,"",5,3,1,1,1,1,1,1,1,1,1,1,1,1,1,6,1,5,2,1,1,4,2,4,2,"",3,3,1,1,1,1,1,1,1,1,1,1,1,1,1,5,1,3,3,1,1,3,2,3,2,"",2023-04-04-14-35,2023-04-04-14-47,12
s.2832dda2-4008-46a8-bdb6-e39e0694a915.txt,1,1,23,6,5,6,5,3,6,6,7,7,5,5,7,6,4,5,5,6,6,5,3,"",5,5,1,1,1,1,1,1,1,1,1,1,1,3,1,1,1,1,2,1,1,1,5,3,5,2,"",3,5,1,1,1,1,1,1,1,1,1,1,1,1,1,1,1,2,1,1,1,5,2,3,2,"",6,6,1,1,1,1,1,1,1,1,1,1,1,1,1,1,1,2,1,1,1,6,2,6,2,"",3,5,1,1,1,1,1,1,1,1,1,1,1,1,1,1,1,2,1,1,1,4,4,5,2,"",2023-04-04-06-27,2023-04-04-06-39,12
s.c33461d6-a323-4d27-85a8-1e60dd36612c.txt,1,2,25,4,1,2,4,3,6,5,5,4,3,4,7,5,6,4,6,5,5,4,6,"",3,2,1,1,1,1,1,1,2,1,1,1,1,3,3,1,4,4,4,4,1,1,5,4,5,4,"",6,2,1,1,1,1,1,1,4,4,1,1,1,1,1,5,4,4,5,4,1,5,4,5,4,"",7,3,1,1,1,1,1,1,2,1,1,1,1,2,1,4,4,4,5,3,1,5,4,5,4,"",2,2,1,1,1,1,1,1,4,4,1,1,1,2,1,5,4,4,5,4,1,5,4,5,4,"",2023-04-04-11-09,2023-04-04-11-58,49
s.4e789587-34cf-4fd6-ad79-8aca7c8b475d.txt,1,2,22,7,1,5,5,5,5,6,5,5,7,6,6,6,6,6,6,6,6,2,5,"",6,6,1,1,1,1,1,1,1,1,1,1,1,3,1,1,6,2,7,6,1,1,1,1,1,1,"",3,5,1,1,1,1,1,1,1,1,1,1,1,1,1,6,6,6,6,1,1,1,1,3,1,"",6,6,1,1,1,1,1,1,1,1,1,1,1,1,1,6,1,6,6,1,1,1,1,1,1,"",1,4,1,1,1,1,1,1,1,1,1,1,1,1,1,6,1,3,3,3,1,1,1,1,1,"",2023-04-02-01-11,2023-04-02-01-22,11
s.4b43b900-f90c-4807-aaf5-f9e2d39a7d0c.txt,1,2,34,7,7,7,7,7,6,4,6,6,2,6,6,6,6,6,3,5,5,3,3,"",7,1,1,1,1,1,1,1,1,1,1,1,1,1,1,1,1,1,1,1,1,1,1,1,1,1,"",7,1,1,1,1,1,1,1,1,1,1,1,1,1,1,1,1,1,1,1,1,1,1,1,1,"",7,1,1,1,1,1,1,1,1,1,1,1,1,1,1,1,1,1,1,1,1,1,1,1,1,"",7,1,1,1,1,1,1,1,1,1,1,1,1,1,1,1,1,1,1,1,1,1,1,1,1,"",2023-03-29-15-40,2023-03-29-15-48,8
s.d7efe3ff-afb5-4468-b916-6b616c74bd7f.txt,1,2,22,6,2,4,4,3,4,5,5,5,3,4,4,6,5,2,4,6,4,3,2,"",5,2,1,1,1,1,1,1,1,1,1,1,1,3,1,1,2,1,1,1,1,1,5,6,7,6,"",3,4,1,1,1,1,1,1,1,1,1,1,1,2,1,2,1,1,1,1,1,4,6,5,6,"",5,2,1,1,1,1,1,1,1,1,1,1,1,1,1,2,1,2,1,2,1,5,6,7,6,"",4,3,1,1,1,1,1,1,1,2,1,1,1,1,1,2,1,2,1,2,1,5,6,7,5,"",2023-04-05-00-31,2023-04-05-00-43,12
s.f9309647-de66-484a-a651-6ef5977ac99d.txt,1,2,25,1,1,6,7,6,4,5,6,4,6,5,7,5,7,5,4,5,4,1,4,"",6,5,6,6,7,6,7,6,7,5,6,5,7,6,6,7,5,6,7,5,6,4,7,6,5,7,"",7,3,4,5,6,4,5,2,6,6,5,6,5,6,7,6,5,6,6,6,5,6,7,6,7,"",6,5,6,7,4,6,7,4,6,5,7,4,6,5,7,4,5,6,6,6,6,5,4,6,6,"",4,2,4,3,5,6,4,5,6,5,6,5,7,7,6,5,6,7,6,6,7,5,6,6,5,"",2023-04-03-06-13,2023-04-03-06-30,17
s.384d845f-df76-45e2-bdfd-7ed52ed326f3.txt,1,1,41,5,3,4,5,4,2,5,7,7,4,4,5,4,5,7,7,6,4,4,5,"",5,4,1,1,1,1,1,1,1,1,1,1,1,3,1,1,4,1,4,5,1,1,2,3,2,2,"",4,4,1,1,1,1,1,1,1,1,1,1,1,1,1,4,1,4,4,1,1,1,3,2,2,"",5,4,1,1,1,1,1,1,1,1,1,1,1,1,1,4,1,4,5,1,1,2,3,2,2,"",6,4,1,1,1,1,1,1,1,1,1,1,1,1,1,4,1,4,5,4,1,2,3,3,1,"",2023-04-04-20-45,2023-04-04-21-02,17
s.92487cf9-90f3-4287-a4e1-b5a924b93ab4.txt,1,1,20,5,4,4,4,5,7,5,5,5,4,5,3,5,5,4,5,5,3,4,4,"",3,4,1,1,1,1,1,1,1,1,1,1,1,3,1,1,1,1,1,1,1,2,2,2,2,2,"",4,3,1,1,1,1,1,1,1,1,1,1,1,1,1,3,3,3,2,2,3,2,3,2,1,"",5,3,1,1,1,1,1,1,1,1,1,1,1,1,1,5,1,5,3,3,3,3,3,6,2,"",3,4,1,1,1,1,1,1,1,1,1,1,1,1,1,1,1,1,1,2,2,2,2,2,2,"",2023-04-04-01-46,2023-04-04-02-02,16
s.406a0c4c-bce1-4855-a73e-0c3c63bb69dd.txt,1,2,22,5,3,4,3,3,5,4,4,4,2,6,2,4,6,2,3,4,4,4,4,"",3,5,1,1,1,1,1,1,1,1,1,1,1,1,1,1,1,1,1,1,1,1,1,5,5,5,"",1,1,1,1,1,1,1,1,1,1,1,1,1,1,1,1,1,1,1,1,1,1,1,1,1,"",1,6,1,1,1,1,1,1,1,1,1,1,1,1,1,1,1,1,1,2,1,1,4,4,4,"",6,6,1,1,1,1,1,1,1,1,1,1,1,1,1,1,1,1,1,1,1,1,5,5,5,"",2023-03-23-11-52,2023-03-23-12-14,22
s.c49c8ff0-81fc-4f6f-8365-be19e89eadb8.txt,1,2,24,6,4,5,5,4,5,6,6,6,6,5,6,6,6,4,6,7,5,5,6,"",7,1,1,1,1,1,1,1,1,1,1,1,1,3,1,1,1,1,5,1,1,1,5,5,3,1,"",2,4,1,1,1,1,1,1,1,1,1,1,1,1,1,1,1,3,1,1,1,3,5,2,1,"",7,1,1,1,1,1,1,1,1,1,1,1,1,1,1,1,1,6,1,1,1,5,6,5,1,"",6,5,1,1,1,1,1,1,1,1,1,1,1,1,1,1,1,1,1,1,1,1,1,4,1,"",2023-04-06-12-48,2023-04-06-13-14,26
s.3fb82c9f-04be-4847-bf4d-f218496f605c.txt,1,3,32,7,7,4,4,6,5,5,6,6,5,6,3,7,7,4,4,7,3,6,5,"",6,6,1,1,1,1,1,1,1,1,1,1,1,3,1,1,1,1,1,1,1,1,7,7,5,4,"",5,4,1,1,1,1,1,1,1,1,1,1,1,1,1,1,1,1,1,1,1,7,7,6,4,"",6,5,1,1,1,1,1,1,1,1,1,1,1,1,1,1,1,1,1,1,1,7,7,5,4,"",6,5,1,1,1,1,1,1,1,1,1,1,1,1,1,1,1,1,1,1,1,7,7,5,4,The questions could have been spread out a bit also all the robots could be useful depending on what you want to use it for.,2023-03-20-15-16,2023-03-20-15-29,13
s.ed3ea8d6-5b48-44d5-a262-31c8eff5d8c1.txt,1,2,26,6,5,7,5,6,6,6,7,7,2,5,7,7,5,6,5,7,7,7,1,"",7,1,1,1,1,1,1,1,3,3,2,1,1,3,3,1,5,4,6,4,5,4,6,5,6,4,"",2,7,1,2,1,2,1,1,3,3,2,2,3,3,2,6,6,6,6,5,4,3,5,5,5,"",7,1,1,1,1,1,1,1,2,2,1,1,1,2,1,6,6,6,5,3,4,6,5,5,5,"",6,6,1,1,1,1,1,1,2,2,1,1,1,5,1,7,5,7,7,5,4,7,6,7,6,"Robots that do not follow the program remind me of Wall-e and it feels like they will be more human like, than a normal function ones",2023-04-06-15-16,2023-04-06-15-46,30
s.6516e69d-533b-4ab7-a1d2-222d6031dbf2.txt,1,1,22,5,4,3,4,5,4,5,5,5,4,6,3,6,6,5,4,6,3,2,3,"",5,5,1,1,1,1,1,1,1,1,1,1,1,3,4,1,6,1,5,4,1,1,1,5,6,4,"",5,5,1,1,1,1,1,1,1,4,1,1,1,4,1,6,1,4,1,1,1,4,3,4,3,"",6,3,1,1,1,1,1,1,1,1,1,1,1,4,1,6,1,5,2,1,1,4,4,6,3,"",2,7,1,1,1,1,1,1,1,1,1,1,1,2,1,4,1,3,2,1,1,2,3,2,3,"",2023-04-08-16-59,2023-04-08-17-12,13
s.c0064075-9a0e-4301-9fc9-b300bc86ed56.txt,1,2,26,6,5,4,5,5,3,7,6,6,5,5,3,5,5,5,5,4,3,5,6,"",7,1,1,1,1,1,1,1,1,1,1,1,1,3,1,1,1,1,6,2,1,1,3,1,3,1,"",6,1,1,1,1,1,1,1,1,5,1,1,1,1,1,1,1,7,4,1,2,5,4,4,1,"",7,1,1,1,1,1,1,1,1,3,1,1,1,1,1,4,1,4,4,1,1,4,1,4,1,"",4,2,1,1,1,1,1,1,1,3,1,1,1,1,1,1,1,3,3,1,1,3,1,3,1,"",2023-04-05-15-59,2023-04-05-16-15,16
s.6f83c8a9-ef1f-411f-8120-3e84b28bd71c.txt,1,1,43,6,2,4,6,6,5,6,6,6,6,6,3,2,6,4,6,7,3,5,6,"",7,1,1,1,1,1,1,1,1,1,1,1,1,3,1,1,7,5,1,7,1,1,7,4,5,3,"",7,1,1,1,1,1,1,1,1,1,1,1,1,1,1,7,5,1,7,1,1,7,5,5,3,"",7,1,1,1,1,1,1,1,1,1,1,1,1,1,1,7,5,1,7,1,1,7,5,5,3,"",7,1,1,1,1,1,1,1,1,1,1,1,1,1,1,7,5,1,7,1,1,7,5,5,3,"",2023-03-23-16-14,2023-03-23-16-28,14
s.ed918a2b-a547-45e9-ab6e-c24515697ad7.txt,1,2,24,7,1,6,7,6,5,5,7,7,7,4,5,7,7,7,3,6,6,3,7,"",7,1,1,1,1,1,1,1,1,1,1,1,1,3,1,1,2,1,2,1,1,1,1,1,1,1,"",4,3,1,1,1,1,1,1,1,1,1,1,1,1,1,3,1,2,1,1,1,2,1,1,1,"",7,5,1,1,1,1,1,1,1,1,1,1,1,1,1,3,1,1,1,1,2,1,1,1,1,"",2,3,1,1,1,1,1,1,1,1,1,1,1,1,1,3,1,2,1,1,1,2,1,2,1,"",2023-03-24-00-13,2023-03-24-00-24,11
s.5dc2b3e8-fa87-4e7b-b1d9-2b1183b9c0b2.txt,1,1,21,6,4,3,5,5,4,3,5,5,4,4,4,5,5,5,5,5,4,5,4,"",4,2,1,1,1,1,1,1,1,1,1,1,1,3,1,1,1,1,1,1,1,3,3,5,5,2,"",3,1,1,1,1,1,1,1,1,1,1,1,1,1,1,1,1,1,1,1,3,2,5,2,4,"",5,1,1,1,1,1,1,1,1,1,1,1,1,1,1,1,1,1,1,1,3,5,5,5,3,"",3,1,1,1,1,1,1,1,1,1,1,1,1,1,1,1,1,1,1,1,3,2,5,2,3,"",2023-04-03-13-30,2023-04-03-13-42,12
s.15a4b7b8-8290-438a-b813-3a7d1696d175.txt,1,2,24,6,1,2,7,5,2,3,7,6,7,5,4,5,6,6,3,5,2,3,6,"",7,1,2,2,2,2,2,2,3,1,2,1,1,3,5,3,5,2,7,3,5,4,7,7,7,4,"",5,4,2,2,2,2,2,2,3,1,3,2,2,3,2,5,3,6,5,5,4,5,5,6,3,"",6,2,2,2,2,2,2,2,5,3,2,1,1,3,2,6,2,7,5,5,4,6,6,7,5,"",2,5,2,2,4,3,3,2,3,2,2,4,2,5,3,6,3,5,5,6,4,2,2,3,5,"",2023-03-20-14-47,2023-03-20-15-08,21
s.bbe0d67c-e0e1-46e3-8e35-ca63f542af00.txt,1,1,21,2,5,3,4,2,2,3,3,4,5,2,1,4,6,3,6,2,3,2,3,"",1,3,2,1,4,5,3,2,4,4,6,4,2,1,3,3,4,4,3,5,3,2,3,5,4,3,"",1,4,1,5,3,4,2,1,4,5,3,2,2,4,2,3,5,1,2,3,5,2,1,3,2,"",1,3,1,4,3,5,3,2,1,3,5,3,2,2,3,2,1,4,4,3,2,4,2,1,2,"",1,1,3,5,5,5,3,2,4,3,5,6,5,4,3,3,3,4,5,4,5,3,2,2,2,no,2023-03-21-20-55,2023-03-21-21-06,11
s.85642cf6-8db8-4fbd-83eb-c14b702ff8df.txt,1,1,23,6,6,5,6,4,4,5,6,6,6,5,3,5,4,4,5,4,5,4,3,"",4,4,1,4,4,3,4,4,5,5,4,4,5,3,5,3,5,4,4,4,3,3,4,4,4,3,"",3,2,4,4,4,4,3,4,5,5,4,4,3,2,4,1,4,3,3,3,2,2,2,1,3,"",5,4,1,4,4,4,3,4,5,5,4,4,5,6,6,6,5,6,6,5,3,5,5,6,6,"",2,2,NA,NA,NA,NA,NA,NA,NA,NA,NA,NA,NA,NA,NA,NA,NA,NA,NA,NA,NA,NA,NA,NA,NA,"",2023-04-09-14-04,2023-04-09-14-20,16
s.1bdcd1df-4421-4a10-9004-f479211c30a3.txt,1,1,19,2,2,2,7,7,7,7,7,7,5,5,7,6,2,7,6,7,5,2,2,"",1,5,1,1,1,1,1,1,1,1,1,1,1,1,1,1,1,1,7,6,1,1,5,4,4,5,"",1,5,1,1,1,1,1,1,1,1,1,1,1,1,1,1,1,7,5,1,1,5,5,4,4,"",1,3,1,1,1,1,1,1,1,1,1,1,1,1,1,1,1,7,5,1,1,5,4,6,6,"",1,5,1,1,1,1,1,1,1,1,1,1,1,1,1,1,1,7,5,1,1,5,4,6,5,No,2023-04-05-13-40,2023-04-05-13-51,11
s.2e23307d-909a-4bd5-b6ab-8a3f88d32b31.txt,1,2,19,6,2,5,4,4,4,5,4,4,4,5,5,5,5,4,3,4,5,3,4,"",7,2,2,2,2,2,2,2,2,2,2,2,2,3,4,3,5,2,5,2,4,4,4,4,4,3,"",4,4,2,2,2,2,2,2,2,2,2,2,2,2,2,3,2,3,2,2,3,3,4,3,3,"",6,5,2,2,2,2,2,2,2,2,2,2,2,4,3,5,4,5,3,3,4,4,4,4,3,"",4,3,2,2,2,2,2,2,2,2,2,2,2,3,3,4,3,3,2,3,3,3,4,3,3,"",2023-03-26-14-46,2023-03-26-14-59,13
s.f967123f-99c4-4ed8-8692-05234e5eae51.txt,1,2,27,7,2,4,3,4,5,5,5,7,2,6,2,6,7,7,5,4,5,3,3,"",5,3,1,1,2,2,1,2,5,4,4,5,5,3,6,3,6,6,6,6,6,2,7,6,6,5,"",3,6,1,1,2,5,4,4,5,5,4,5,5,6,6,6,6,6,6,6,2,7,6,6,6,"",3,3,1,1,5,5,4,4,5,5,4,5,5,6,5,6,6,6,6,6,2,7,6,6,5,"",2,6,1,1,1,5,4,5,5,5,4,5,5,5,5,6,6,6,6,6,2,7,6,6,5,No,2023-04-03-18-43,2023-04-03-19-07,24
s.6f3f64d5-9b41-490e-b399-f62a1a620313.txt,1,2,21,3,2,3,1,7,4,2,5,5,1,5,6,6,6,6,2,6,7,3,3,"",6,4,1,1,1,1,1,1,1,1,1,1,1,3,1,1,1,1,1,1,1,1,1,1,1,1,"",1,7,1,1,1,1,1,1,1,1,1,1,1,1,1,1,1,1,1,1,1,1,1,1,1,"",1,7,1,1,1,1,1,1,1,1,1,1,1,1,1,1,1,1,1,1,1,1,1,1,1,"",1,7,1,1,1,1,1,1,1,1,1,1,1,1,1,1,1,1,1,1,1,1,1,1,1,enjoyed this survey,2023-04-05-11-00,2023-04-05-11-14,14
s.98cc9c06-be44-4ae9-98ec-a2b34c3ffe43.txt,1,2,26,6,4,5,6,5,6,5,7,6,4,5,3,5,6,5,4,5,5,5,5,"",6,2,1,1,1,1,1,1,1,1,1,1,1,3,1,1,2,1,1,2,1,1,5,3,5,2,"",3,2,1,1,1,1,1,1,2,2,1,1,1,2,1,2,1,2,2,2,2,2,1,1,2,"",6,5,1,1,1,1,1,1,1,1,1,1,1,1,1,3,1,1,2,1,3,3,2,4,2,"",1,6,1,1,1,1,1,1,3,3,1,1,1,3,1,2,1,3,2,2,1,1,1,1,1,"",2023-04-06-19-03,2023-04-06-19-16,13
s.f0bb1227-acbf-42e9-a448-986c336180fd.txt,1,2,26,7,2,4,4,5,5,5,3,5,3,4,3,6,5,4,2,5,3,3,3,"",7,2,1,1,1,1,1,1,1,1,1,1,1,3,1,1,1,1,6,1,1,3,6,3,6,3,"",2,6,1,1,1,1,1,1,3,1,1,1,1,2,1,1,1,3,1,1,2,3,5,3,2,"",6,2,1,1,1,1,1,1,1,1,1,1,1,1,1,1,1,6,1,1,3,5,3,6,3,"",3,4,1,1,1,1,1,1,1,1,1,1,1,1,1,1,1,5,1,1,3,5,3,3,3,"",2023-04-10-01-06,2023-04-10-01-18,12
s.9b065988-a4b1-40db-9037-ea9d16b69832.txt,1,1,23,5,4,3,3,4,5,5,5,5,4,3,6,6,6,5,3,7,6,2,2,"",6,2,1,1,1,2,1,1,1,1,1,1,1,3,1,1,6,6,7,7,1,5,7,7,7,7,"",3,3,1,1,1,1,1,1,1,1,1,1,1,1,1,4,1,4,4,1,4,4,4,4,4,"",6,2,1,1,1,2,1,1,1,1,1,1,1,1,1,5,5,5,7,1,5,7,7,7,7,"",4,4,1,1,1,1,1,1,1,1,1,1,1,1,1,5,1,5,5,1,5,5,5,5,5,"",2023-03-28-19-49,2023-03-28-20-40,51
